Name,"Quarter, Year",Phase,Description,Applied Project Abstracts,Applied Submissions,Awarded Submissions,% Awarded,Total Awarded (USD),Total Paid (USD),Total Paid (XLM),Average Awarded in USD,Voters Number,Round URL,Submissions,Project (from Submissions),Type,Submission Open Date,Submission Close Date,Initial Review Open Date,Initial Review Close Date,Award Submission Open Date,Award Submission Close Date,Panel Review Open Date,Panel Review Close Date,Community Vote Open Date,Community Vote Close Date,Notification and Award Distribution Open Date,Notification and Award Distribution Close Date,Cohort Open Date,Cohort Close Date,Project Pitches,Image,SCF Version,Round Recap,Year
SCF #35,Q2 '25,Ended,SCF #35 has ended. Find results here: https://medium.com/stellar-community/scf-35-round-recap-b8ebfb84f33f,200,77,21,27%,$1865348.00,$954082.67,3069412,$88826.10,,https://communityfund.stellar.org/dashboard/award-rounds/rechucpqB2hktcEm7,"Wirex Pay ,Upesa (formerly utoken),Normal,Abroad,VIA Labs ,Spinach,Reyts - Stablecoin-Powered P2P Fiat DEX,AirGap,Axal,Stellar DeFi Dune Dashboards,SwiftEx,LedgersTax,KindFi,Estrela,MUWPAY,Cobo Custody Integration for Institution,Lumen Loop,Flow,Coala Pay Billy Wallet,Digibank | SDP,Volta Circuit","Stablpay, Thellex, Cryptool.io, Wirex Pay , Upesa (formerly utoken), Stellar Analytics Platform Poweredby LLM, Normal, Grade ERP, Abroad, CPAYANT: Stellar for African Trade, DexGo, SCI - Stellar Contract Invoker, VIA Labs , Spinach, Reyts - Stablecoin-Powered P2P Fiat DEX, Secubit, AirGap, DomiPago, BlockGigs, Axal, Borderless Neo-bank for Diasporas, Wizz, XLM Wallet for Salesforce, Liquidity rail, Invincible Football Manager (IFM), Globachain, Chrysalis, Thane, Stellar DeFi Dune Dashboards, Celeriz, MOJA - Web3 Powered Group Saving, EARNLUMENS, RegenX, SwiftEx, LedgersTax, BeyondFi, Splito, Shogun, Tokenized Art Passport (TAP), SkyBridge, AuditAI, Eara: European regulated RWA ecosystem, Lul-Serving the unbanked, Zilt, LiquidsFi: Bridge and Cross-chain Oracle, Soroban Security Portal, Sentinel Protocol , KindFi, Estrela, JoonaPay: Digital Finance in West Africa, Rewardable, MUWPAY, Cobo Custody Integration for Institution, Uniblock, Lumen Loop, Ryvit, CoinHarbour, DeFarm, Venalabs, RemittEase, React Native Wallet SDK, SoroStarter, Venerez, Smilepay Global, PipeOps, Pakana.Net, Flow, Cartwey, FastBuka Delivery - Food and Grocery App, The Solstice Protocol, Coala Pay Billy Wallet, Next-Gen Tools for Tournaments, Hito Wallet, Digibank | SDP, Haraka: Social finance for EM, docking.zone, Volta Circuit",Build Award Round,"February 10, 2025","March 23, 2025","March 24, 2025","March 28, 2025","March 28, 2025","April 13, 2025","April 14, 2025","April 20, 2025","April 25, 2025","May 1, 2025","April 21, 2025","May 5, 2025","May 5, 2025","May 9, 2025",,Thumbnail - SCF #28 (1).png (https://v5.airtableusercontent.com/v3/u/45/45/1758520800000/H3feqwO8VBCRbBy3VkIjlg/b8zMip2Kw4UO6XGbo_aTy1kT3IO0ulnGEGlUrtko--IenZyWoZnvmp0ib1rXMZCZwXB8XsFJ54agiIINyY0JEHJSvjaqFsWhG-4EuqbQx4skvZhXu9ksQz_8OZk5mHZo4zloNN1XculrNeIYlsgTxUgY_YE1QQQgud5QljVn8b8/H9ICbL2xmXKvuOlLLEQgmqRmg46Pv8TNivWeQ4qWyj4),SCF 6.0,https://medium.com/stellar-community/scf-35-round-recap-b8ebfb84f33f,2025
SCF #34 ,Q1 '25,Ended,SCF #34  has ended. Find results here: https://medium.com/stellar-community/scf-34-round-recap-ea0ea6564d3a?source=collection_home_page----89c348dcf743-----1-----------------------------------,152,77,17,22%,$1717287.00,$1300967.13,4613930,$101016.88,,https://communityfund.stellar.org/dashboard/award-rounds/reczef7Of02J24H1l,"Comunitaria,JetPad,Autowhale,Logistech,JPool,Loto Punto: Automated Remmitance Kiosks ,Flashback,DappRadar,Unstoppable Wallet,Laina,Greep POS/ Greep pay,PAYRIT,Range: Cross-chain intelligence platform,Mobula Labs,NebulaVRF,Upwealth,human.tech","8Bit Aracde, Sheltergram, Globachain, Globachain, SwiftEx, Splaindex, Meme City, Freelii , Comunitaria, Data Oracles for Insurance and Finance, Grade ERP, PipeOps, JetPad, uils, Rehoboth Finance, Transfuse: Multichain Asset Bridge, Polariz Protocol, Digital Assets with Real-World Access, RecurrPay, FBA Finance, Kwikpik, DistroMint, AURUS, TextCash, Autowhale, Logistech, XLM Shop, Upesa (formerly utoken), JPool, Loto Punto: Automated Remmitance Kiosks , Flashback, AirGap, MUWPAY, ARKEFI, DappRadar, AI Transparency Token (AITT), Basilic:Unlocking Crypto Payment for Biz, Sati, Stellar Command Insights (SCI), CoinHarbour, Unstoppable Wallet, Rewardable, Laina, Greep POS/ Greep pay, XLM Shop, Blux, Blux, Keyless, Cartwey, Tradable, Azores Group, PAYRIT, Interlinked, SMC, Next-Gen Tools for Tournaments, Range: Cross-chain intelligence platform, Mobula Labs, NebulaVRF, Wom, Azos Labs, Upwealth, SudoCat, Venerez, LiquidsFi: Bridge and Cross-chain Oracle, HodlCC, zkFetch: zkTLS-Powered Oracle Solution, Secubit, WalletD, Permissionless Capital, Stellar Analytics Platform Poweredby LLM, human.tech, Rain, Joint, Nuffle Labs - Expanding Utility of XLM, Neftwerk Inc., Volta Circuit",Build Award Round,"January 21, 2025","February 9, 2025","February 10, 2025","February 16, 2025","February 17, 2025","March 2, 2025","March 3, 2025","March 10, 2025","March 12, 2025","March 18, 2025","March 18, 2025","March 31, 2025","March 17, 2025","March 21, 2025",,Thumbnail - SCF #34.png (https://v5.airtableusercontent.com/v3/u/45/45/1758520800000/J_73IXs0croYXPt_e-QCWw/SgKB8wcSJJLW0seybqUHvc70iLfNNu77GJkmk2e9osusuWhHq9Oxvn5KT37tAv_wSTBYANIJDCIEXhS-o7lTWHHtVBSVl8i1BlaYEB2okpPNCtxzmmXgG0y0NAayrEKTWkFURLkDBHpRSDsT-mV28pjba7jSvyREZNvmvMVPR1E/2V5O2lVkt1HVdZiBV87A9VKT7OWe-qMjZpkNAfuf0DY),SCF 6.0,https://medium.com/stellar-community/scf-34-round-recap-ea0ea6564d3a?source=collection_home_page----89c348dcf743-----1-----------------------------------,2025
SCF #33,Q1 '25,Ended,SCF #33 has ended. Find results here: https://medium.com/stellar-community/scf-33-round-recap-c2f9d2e57543?source=collection_home_page----89c348dcf743-----2-----------------------------------,0,95,14,15%,$1033620.00,$724746.67,2431692,$73830.00,50,https://communityfund.stellar.org/dashboard/award-rounds/recPE9vdKSenOmWr6,"CodeLnPay,Outbounder,The Give Hub,BlindPay,SorobanHooks,Warmancer: Black Friday,A real estate tokenization platform,Artizen,PeerPesa,StellarBroker,Soroban Optimistic Oracle  (SOO) ,Solang Playground,Stellarcarbon,Stride","Fund Stella, Hypersign.id, SONGS, MOTI, Vottun Social Wallet Fund, Time Capsule by Moonrock, Blocknative , Gateway App, Sheltergram, Subdoor, TradeSta.ai, ""$KARPOUS, cDeFi Global Asset Marketplace"", PORTERS.XYZ, SpotPool, Talentum, Hashtag Influencer, PlayWeb3, Kwikpik, 8Bit Aracde, Copus, Grade ERP, Zero Trust Vault, Zero Trust Vault, Raize Club , Raize Club , TextCash, Diamore, Transfuse: Multichain Asset Bridge, Tugela, Project Geld, Meme City, CodeLnPay, Outbounder, Flashback, The Give Hub, Zero Trust Vault, BlindPay, StellarGame, PAYRIT, Tutum Financial, SorobanHooks, GB Integration with Stellar Blockchain  , Warmancer: Black Friday, Stellar Fortuna, A real estate tokenization platform, XLM Safari, Artizen, PeerPesa, WhiteRabbit, DeFiPool, BroXLM, Surety Protocol, CLOB, Birdhouse: Modular Token Protocol, Padi, Next-Gen Tools for Tournaments, StellarBroker, Soroban Optimistic Oracle  (SOO) , MUWPAY, Chau – Next-Gen Estate Planning, MOJA - Group Savings Made Borderless, Tiamonds, Stablpay, Wom, Drip 3.0 /drip3o.com, Zinter Logistics A.I, KindFi, Ordbit, Solang Playground, NutriChain Zambia, ASTRA, Stellarcarbon, Azores Group, Citta Network, Greybox, SwiftEx, Whitepaper Scanner & Tru Token, Polariz Protocol, SMC, Estrela, Wadzzo, Nyayomat Alternative Credit Platform, EarnOut Strategy and Financial Alignment, freshbin, GainForest, Revolutionary Farmers, Starlift, Fusion, Sytemap, Astrix, Stride, THE GUILD, OrbitXpay.com, JPool",Build Award Round,"November 25, 2024","January 5, 2025",,,,,,,"January 16, 2025","January 22, 2025",,,,,,Thumbnail - SCF #33.png (https://v5.airtableusercontent.com/v3/u/45/45/1758520800000/sEECbfor-rmW6nKIWpgFWg/NvmmAhPqzyDy-4TCl6zWnlvMUYJnUhc2f2nDj35sVjMF_nEM6sraJW_AUXPVPj24w1hZql1urhVX_nZSJlwC_QGmVO2DKqLqJI2laVNkKr5LSeuZ8ELjxwp2mAq95Pj3LDjCybCi98ntk8kEp4vwdUeBfa8siYqu_TNXynrMqVk/za9LsCK-Oe4Gu325IU5H-jLhbm3ci9tYk-gsixWsGb4),SCF 6.0,https://medium.com/stellar-community/scf-33-round-recap-c2f9d2e57543?source=collection_home_page----89c348dcf743-----2-----------------------------------,2025
SCF #32,Q4 '24,Ended,SCF #32 has ended. Find results here: https://medium.com/stellar-community/scf-31-round-recap-296125f6ff1e,0,82,17,21%,$1377495.00,$1164811.67,3516436,$81029.12,30,https://communityfund.stellar.org/dashboard/award-rounds/recnDNF7Os1lLmEVk,"Gearup - Marketplace,OneClick.Fi,Myaza | Transact Across Africa,Freelii ,Rust Soroban Client Library,DeFindex: DeFi Made Easy,Unalivio,Soroban RPC SDK,XCAPIT Smart Pay,Eascrow,Palremit,Almanax,SocketFi,Kript,Hermes,Stellar Attestation Service,Abroad","Gearup - Marketplace, Stellar-MetaMask, Mesmerad, PeerPesa, Tadle, HOT Wallet , snappy, Sheltergram, OneClick.Fi, CoverCrypto, Myaza | Transact Across Africa, MyDataCoin, A real estate tokenization platform, Tugela, CPAYANT, CPAYANT: Stellar for African Trade, Myrkle, Pay Your Netflix Sub With Yoki, Freelii , AFRIPAY FINANCE, Rust Soroban Client Library, The Give Hub, DeFindex: DeFi Made Easy, numun, Synternet, Charge Fun, PAYRIT, Wadzzo, Unalivio, Soroban RPC SDK, Smilepay Global, Meme City, Stride, AI Real World Payment Agents, DeFiPool, PipeOps, Zig3 V3 Soroban Passkeys ID Defi Wallet, Greybox, XCAPIT Smart Pay, StellarPay, Flashback, Verselabs, SorobanHooks, Ecosystem Vision, Taram, ASTRA, SPIN.FASHION, Soroban CLI Cross Platform GUI, GainForest, Stellar Tech Support AI Solution, Data Oracles for Insurance and Finance, Upesa (formerly utoken), Tracee, Eascrow, Miniland, Seso: Stellar Real Estate Registry, Frontier Science Registry SCF 32 , Palremit, Nyayomat Alternative Credit Platform, Ember AI, Almanax, Push Lap Growth - On Chain, Stamprr, SocketFi, Kript, Swarmcor AI Payment & Agent Marketplace, Digital Assets with Real-World Access, Hermes, JoonaPay: Digital Finance in West Africa, Stellar Attestation Service, Transfuse: Multichain Asset Bridge, SignSplit, Abroad, Anima, OrbitXpay.com, bridgeUp, bridgeUp, Chrysalis, Comunitaria, TomTalk, SoroBuilder",Build Award Round,"October 28, 2024","November 24, 2024",,,,,,,"December 4, 2024","December 11, 2024",,,,,,Thumbnail - SCF #32.png (https://v5.airtableusercontent.com/v3/u/45/45/1758520800000/anGyimcJ0E2_6TW9kyKZSw/Sl2aMa-pooqcKMgoECBxGIulLPZPQKdBErHqbf-XM_7yzw1H5su_bf6vehhsuDSLhpMlA6N0DVGcBaqUdYEMNCre6d-Kj0iZr3H9C0PWmlBFwJbqjjZF7b6Gy52BFwalAVQQF-xzU5j7_1Pd7Ysxnr0tsJHaY2JWjm4VpcVB8jk/6RKzrvpN2it-0BHk7GCtbTBlUrZnuEEzLl7Buyb1_rw),SCF 6.0,https://medium.com/stellar-community/scf-31-round-recap-296125f6ff1e,2024
SCF #31,Q4 '24,Ended,SCF #31 has ended. Find results here: https://medium.com/stellar-community/scf-31-round-recap-296125f6ff1e?source=collection_home---4------2-----------------------,0,124,22,18%,$2068710.00,$1659810.00,5002443,$94032.27,38,https://communityfund.stellar.org/dashboard/award-rounds/recmMAZ9NCDscGBnc,"K3 Labs,Amero Exchange,StreamingFast (core dev team at The Graph),Untangled,Swift Wallet SDK,PayQin,Trustless Work,xlm.sh,Mercuryo ,SiBorg,Content DAO,Identity Operating System (idOS),EquitX,Stellar Razor and Blazor Suite,Bebop,Cede Labs,Soroban Resource Usage Reporter,Kura,Rango,Normal,Spydra-Low code RWA Tokenization engine,Kulipa Debit Card","Amplifi, ASTRA: Turn AI Generated Designs Into Real Clothes, Athena, Stellar Attestation Service, BANGK, Chimp, Anticipatory Aid on Soroban, Palremit, LockPod, Nine Suns, Redeem Reality, Sfero, K3 Labs, Elseware, PreSend, Amero Exchange, Anima, MoneyFlap, XCAPIT Smart Pay, DontsTap, StreamingFast (core dev team at The Graph), Untangled, Abroad, Tugela, Arcana Network, Crono, 0xAuth, Entity Protocol, Globachain, Pictographs, PowerLayer, Project Geld, Smilepay Global, SongHub, Side, Stellar Talent Platform, TRADDIFY, Eczodex, Umbrella Network Oracle, A real estate tokenization platform, CPAYANT, CPAYANT: Stellar for African Trade, Swift Wallet SDK, Yoki Finance, StellarFun, PayQin, Stellarchain.io, CoverCrypto, Stellar Native Token Index, Trustless Work, Wadzzo, Tiamonds, Strooper Wallet, Soroban CLI Cross Platform GUI, DeFiPool, Bard, Gigoban, AFRIPAY FINANCE, SudoCat, Anima, AssetDesk, xlm.sh, Mercuryo , SiBorg, SorobanHooks, Cybercharge, Content DAO, Identity Operating System (idOS), EquitX, Stellar Razor and Blazor Suite, Alterscope, Nobak, Upesa (formerly utoken), Meru, Beexo Wallet, Taram, Chrysalis, JoonaPay: Digital Finance in West Africa, Bebop, Sytemap, Zilt, Comunitaria, SorobanHooks, Cede Labs, Freedom Pay Wallet, Infinity Ground, Prophe, Data Oracles for Insurance and Finance, The GiG Token, Soroban Resource Usage Reporter, Kura, Wombat Exchange, SDF Open Projects at Vottun Dev Platform, H2hemp, Open GameFi SDK , bridgeUp, ASTRA, Rango, Frontier Science Registry SCF 32 , Normal, Spydra-Low code RWA Tokenization engine, DocChain Notary, Upwealth, Merkle Tree Airdrop Tooling, CodeLnPay, Kulipa Debit Card, DeWork, Merkle Science, Soroban RPC SDK, Newzchain, Clear, OmniLumen, RecurrPay, Stellar AR, SoroBuilder, Bare Metal Infra + RPC Portal, Elementals, SocketFi, Jawudi, Digital Assets with Real-World Access, Blip0, Moso, OrbitXpay.com, Cross Border Payments, Token Events",Build Award Round,"September 16, 2024","October 27, 2024",,,,,,,"November 4, 2024","November 11, 2024",,,,,,Thumbnail - SCF #31.png (https://v5.airtableusercontent.com/v3/u/45/45/1758520800000/a2UilD3vE6OdttKHs2cyEQ/_eeAHUco5xy4mn7-5XtMDZkeIkW8Xu4yDx1UmeuGg6tqYE9qBATDaxdWpYF9hjzOY1OvtCzikQsNuLU3BscOAbqbMCVWDRzNl1jVF37QyfiLTZSBQm_Mkd-eHvxhcIAqMLAag1ZG5dHVdGUdsP5SrO6auwCifRHH01OCOwfepu4/fDNEvtbpcYaH4XmkRRxav4yq36zAvQF-UWqqF3KKBMA),SCF 6.0,https://medium.com/stellar-community/scf-31-round-recap-296125f6ff1e?source=collection_home---4------2-----------------------,2024
SCF #30,Q4 '24,Ended,SCF #30 has ended. Find results here: https://medium.com/stellar-community/scf-30-round-recap-3da4be482add?source=collection_home---4------3-----------------------,0,150,22,15%,$2167917.00,$1760030.33,8428927,$98541.68,34,https://communityfund.stellar.org/dashboard/award-rounds/recYtZ5R17u4bxSrS,"TokenOps,Kryptos,Trustful,Rahat,Token Tails,Bousol Wallet,Arculus x Stellar: Payments With Soroban,zkCrossDEX,Convexity Humanitarian Aid Transfer Solution (CHATS),Coindisco,TransferMole,MugglePay: Stripe for Stellar,Komet: Formal Verification,Every.finance,Tansu - Soroban Versioning,ScopeX,Nodies,RampMeDaddy,Hoops Finance,Subs,Skyhitz,Rarible.com & Stellar","Stellar Community Forum, Joba Network, CPAYANT, CPAYANT: Stellar for African Trade, Tokpay, Blockchain CAPTCHA, EasyA, FeeSimulator, Blocknative , Edubuk, Dealy, Token Events, FBA Finance, OneClick.Fi, ChatterPay, StellarPay, TokenOps, JetPad, Soroban Infrastructure Hub (SIH), Token Events, Web3Auth, DRFQ Automated Payment Delivery, MediMint, Everest, USDC Swap: Stellar CCTP Bridge, Kryptos, Trustful, Swift Wallet SDK, BlindPay, MOTI, Easy Speak, Blockroll, PORTERS.XYZ, ElkX, Open GameFi SDK , SEAL-DAO, Motodex, Sytemap, Crowdgenix, Tiamonds, Data Oracles for Insurance and Finance, Liqvid.xyz, Orally Network, Noone platform, Rahat, SwaPerk Protocol, Token Tails, Harmonize, SCF 30 Frontier Registry, Express Disbursement, Wolfram Stellar Exchange Data Infrastructure, Thellex, Daada-Azix Project, EarnBIT, Scout, Interstellar, Plurality Network, EarnOS, ASTRA: Turn AI Generated Designs Into Real Clothes, Surfy, Bousol Wallet, Normal, Spydra-Low code RWA Tokenization engine, Arculus x Stellar: Payments With Soroban, Gateway App, Stabull Finance Onchain FX integration, Stellar Card: Debit cards for Stellar wallets, CoverCrypto, Taram, SudoCat, zkCrossDEX, Convexity Humanitarian Aid Transfer Solution (CHATS), Carus, Myaza | Transact Across Africa, ST0x, Gunny Games, Kryptos, Merchadise & Tri-POD Connected Products, Almanax, Untangled, Hasana, Coindisco, CodeRock.ai, TransferMole, OmniLumen, KeyBot- the plug&play system for locking and unlocking the vehicle, Newzchain Old, Content DAO, Dropzey, MugglePay: Stripe for Stellar, Clear, Drip Rewards, trakx.io, DYOR, bridgeUp, Rarible.com & Stellar, Komet: Formal Verification, GiG, CodeLnPay, Aquarius, Merkle Tree Airdrop Tooling, Sanctum, Jobgap, DIVA Donate, Blip0, MBD Financials, Every.finance, Koru, Tansu - Soroban Versioning, Seso: Stellar Real Estate Registry, Securd, ScopeX, Coinmiles, Venerez, Upesa (formerly utoken), ALTERNUN, Alternun, Nodies, PipeOps, Kura, Kript, RampMeDaddy, ATM Token Wallet Non Custodial Wallet, Neftwerk Inc., JoonaPay: Digital Finance in West Africa, RENTOP, Hoops Finance, ICanProveIt -Proof-of-Learning, NomadFi, GlitchD Labs, Freedom Pay Wallet, Umbrella Network Oracle, Rehoboth Finance, Gearup - Marketplace, KeyBot- the plug&play system for locking and unlocking the vehicle, Subs, Leveraging Savings with Crypto, Blockchain and Charity, MoneyFlap, MBD Financials, Gateway.fm, ATM Token Wallet Non Custodial Wallet, Skyhitz, Kleo Network, SuperSpray, Seqre, Vottun developer platform, Rarible.com & Stellar, Soroban CLI Cross Platform GUI, Rango, Chrysalis, Upwealth",Build Award Round,"September 4, 2024","September 25, 2024",,,,,,,"September 23, 2024","September 30, 2024",,,,,,Thumbnail - SCF #30.png (https://v5.airtableusercontent.com/v3/u/45/45/1758520800000/N_0cASIpwS3ZfNzrS9IHhA/chl0aXP8oJwSgZFKS9gJpkk1kgXPIoMaWrSg4UZUVZkVcSqf-MLrx2KAWNdr6gpeGmDxBnLeiU0IJYTMeb2LnLs6FjJzMLvEbbTLZ12iER7OgvhxbucsOezgxJAeI8f6ixr2tbBWTiAWN0Gf0wE3FFUXsVyucJkahueh2f7tE0c/nokAOfsgJTOgLc0MoL9dhX_OViwixfjSVkswg9Wzd5A),SCF 6.0,https://medium.com/stellar-community/scf-30-round-recap-3da4be482add?source=collection_home---4------3-----------------------,2024
SCF #29,Q3 '24,Ended,SCF #29 has ended. Find results here: https://medium.com/stellar-community/scf-29-round-recap-f105a8038c29?source=collection_home---6------1-----------------------,0,131,40,31%,$2278557.00,$2188657.00,22250285,$56963.93,44,https://communityfund.stellar.org/dashboard/award-rounds/recUJtFmqlumr8hhE,"0xAuth,AutoAction,Balanced,Beans app,Bitwave,BondHive:OnChain Fixed Deposit,BorderDollar,Calimero Network,Chrysalis,CLOB,Copperx - Gateway and Payout,Digicus,EA Kazi,Globachain,Hoops Finance,InfStones,Sytemap,Lantern Finance,LOAM,Lul-Serving the unbanked,Mystic Finance,OrbitCDP,POMA Protocol,Reflector,SendIN,Silicore,Solarkraft,SoroBuilder,Stellar Command Insights (SCI),Decentrio,NearX - Dev Educational Program,SoroStarter,Stellar Attestation Service,Stellar Women Bootcamp,stellarpro.dev,Switchly,THE HUB Citizens Portal,The Starship Soroban,Unalivio,West African Ambassadors (WAA)","0xAuth, AutoAction, Balanced, Beans app, Bitwave, BondHive:OnChain Fixed Deposit, BorderDollar, Calimero Network, Chrysalis, CLOB, Copperx - Gateway and Payout, Digicus, EA Kazi, FindTruman, Globachain, Hoops Finance, InfStones, Sytemap, Lantern Finance, LOAM, Lul-Serving the unbanked, Mystic Finance, OrbitCDP, POMA Protocol, Reflector, SendIN, Silicore, Solarkraft, SoroBuilder, Stellar Command Insights (SCI), Decentrio, NearX - Dev Educational Program, SoroStarter, Stellar Attestation Service, Stellar Women Bootcamp, stellarpro.dev, Switchly, THE HUB Citizens Portal, The Starship Soroban, Unalivio, West African Ambassadors (WAA)",Build Award Round,"June 10, 2024","July 14, 2024",,,,,,,"July 15, 2024","July 29, 2024",,,,,"July 24, 2024",Thumbnail - SCF #29.png (https://v5.airtableusercontent.com/v3/u/45/45/1758520800000/xqZcjhmeXavISzH0q3-QsA/_1m50FJeWsYq53sTfDLTDbIbZCh2Mh-Bo7u4U4HoHLgFodXmB1Myu2cIoEr7FgTTyz_QbkaJvdj6MrK78diDjc1al-64RVkeTqAuyOtC5U_wojdrab843TzdFWh6lMEhJh5WQ38tDazKmyWpG3pqqK_dNuAsnf7Z2_tmXhk0XBc/SJvxstJEIMt6CTLSpQFMb2vrcbQnkRp5FwNdnOYsky8),SCF 5.0,https://medium.com/stellar-community/scf-29-round-recap-f105a8038c29?source=collection_home---6------1-----------------------,2024
SCF #28,Q2 '24,Ended,SCF #28 has ended. Find results here: https://medium.com/stellar-community/scf-28-round-recap-1bb0174b13ca?source=collection_home---4------0-----------------------,0,108,30,28%,$1557809.00,$1572689.00,16896788,$51926.97,43,https://communityfund.stellar.org/dashboard/award-rounds/recQm9d0plW8sm1gi,"Amero Exchange,AssemblyScript Soroban SDK,BAF: Summer of Stellar,Bebop,DeFindex: DeFi Made Easy,Gearup - Marketplace,GiveCredit,Giveth,Grip,Komet: Formal Verification,Keizai,ClickPesa Debt Fund,Merkle Tree Airdrop Tooling,Neovestor - An RWA launchpad,OCTO ultimate SocioFi NFT hub,Open GameFi SDK ,Prophe,Blip0,SGF Solutions,Rise In,SorobanHub,BiGGER - Startup Camp 2.0,Tansu - Soroban Versioning,Teken - Easy Multi-Signatures,Upesa (formerly utoken),OmniLumen,LINK IO,Web3 Antivirus (W3A),LiquidsFi: Bridge and Cross-chain Oracle,PayQin","Amero Exchange, AssemblyScript Soroban SDK, BAF: Summer of Stellar, Bebop, DeFindex: DeFi Made Easy, Gearup - Marketplace, GiveCredit, Giveth, Grip, Komet: Formal Verification, Keizai, ClickPesa Debt Fund, Merkle Tree Airdrop Tooling, Neovestor - An RWA launchpad, OCTO ultimate SocioFi NFT hub, Open GameFi SDK , Prophe, Blip0, SGF Solutions, Rise In, SorobanHub, BiGGER - Startup Camp 2.0, Tansu - Soroban Versioning, Teken - Easy Multi-Signatures, Upesa (formerly utoken), OmniLumen, LINK IO, Web3 Antivirus (W3A), LiquidsFi: Bridge and Cross-chain Oracle, PayQin",Build Award Round,"May 13, 2024","June 9, 2024",,,,,,,"June 10, 2024","June 24, 2024",,,,,"June 18, 2024",Thumbnail - SCF #28.png (https://v5.airtableusercontent.com/v3/u/45/45/1758520800000/rl3huUcni-lpk7chJbkEbg/mVKMFe80b68E2scUbRjFaoTYqi1umE5zdu3YzfDVPYF5ZJgIyxbAOilO7BJQ8qVMhrZHcUKe_RH8Yyk3EmZAGmpgwWpc5gh3Jv4Vu4D-TJtZJ1Dr7-8W3RQ2Y_udZCfz6KXvMXKuTBD0BCbfLeqJ9zZcqbu9pJ-bBBbXgrReSv0/SmhTwwy78eh1x5XxBH5iC-YQcoBJK9vlIuqEKpPukRU),SCF 5.0,https://medium.com/stellar-community/scf-28-round-recap-1bb0174b13ca?source=collection_home---4------0-----------------------,2024
SCF #27,Q2 '24,Ended,SCF #27 has ended. Find results here: https://medium.com/stellar-community/scf-27-round-recap-ebb806ee0616?source=collection_home---4------3-----------------------,0,117,36,31%,$1489730.00,$1489730.00,14574585,$41381.39,39,https://communityfund.stellar.org/dashboard/award-rounds/recXYjcgbIh26ESE0,"0xAuth,""ALTERNUN, Alternun"",Aquarius,Content DAO,BitGifty,BondHive:OnChain Fixed Deposit,ChainCred,Dapp World,Formal VerSo,GrantPicks by PotLock,Huma,Infrastructure Support Liquify,Institutional Treasury - XLM,JS Worker SDK,Kript,Kura,Metafyed,Nauta Land,Orally Network,PHP Anchor SDK,Plutope Merchant App,Raum Network,Rehoboth Finance,Rise In,Scout,SecuRx - Medical Prescriptions,Soroban  Polygon - Interop,DappRadar,Soroban Timelock Contract,Stellar Razor and Blazor Suite,Stellar Talent Platform,Stellar Time Machine,Study @stellar-sdk & Soroban,Trustful,Vottun developer platform,Wadzzo","0xAuth, ALTERNUN, Alternun, Aquarius, Content DAO, BitGifty, BondHive:OnChain Fixed Deposit, ChainCred, Dapp World, Formal VerSo, GrantPicks by PotLock, Huma, Infrastructure Support Liquify, Institutional Treasury - XLM, JS Worker SDK, Kript, Kura, Metafyed, Nauta Land, Orally Network, PHP Anchor SDK, Plutope Merchant App, Raum Network, Rehoboth Finance, Rise In, Scout, SecuRx - Medical Prescriptions, Soroban  Polygon - Interop, DappRadar, Soroban Timelock Contract, Stellar Razor and Blazor Suite, Stellar Talent Platform, Stellar Time Machine, Study @stellar-sdk & Soroban, Trustful, Vottun developer platform, Wadzzo",Build Award Round,"April 16, 2024","May 12, 2024",,,,,,,"May 13, 2024","May 27, 2024",,,,,"May 22, 2024",Thumbnail - SCF #27.png (https://v5.airtableusercontent.com/v3/u/45/45/1758520800000/CcIuFgOz6Ydgegvu4FrjCQ/qXNKrIuDhNKWioaJH06ulsTCaUbrcSmil5G-8pJBZAPcJz_KhyJulLUQ7jvd8fcpW-cxNQpj-hhuSoZ9Sfip_nswDbiNUQpxq32nZd1dAylsdD0Ecde_UuN9Obqh5yRQEL3I7TfnJADHENseAFXy_5K3kfPIHVV9QDvv7aKG_Oo/iBatWUvefbCCg6YBOlp5_or43DJBdyBq34bgXt2ODRg),SCF 5.0,https://medium.com/stellar-community/scf-27-round-recap-ebb806ee0616?source=collection_home---4------3-----------------------,2024
SCF #26,Q2 '24,Ended,SCF #26 has ended. Find results here: https://medium.com/stellar-community/scf-26-round-recap-bc9b3f9529be?source=collection_home---6------0-----------------------,0,113,43,38%,$2289878.00,$2289878.00,21000214,$53252.98,44,https://communityfund.stellar.org/dashboard/award-rounds/recHAicWM8BbkDIIe,"Accelar,Almanax,ART Club,Bingtellar,BorderDollar,Clear,Clixpesa,CyVers,Digicus,EarnBIT,EquitX,Excellar,Expand Network,FindTruman,Governance Modules Library,InfStones,Hypernative,ICanProveIt -Proof-of-Learning,Komunitin,Alterscope,Lumen Loop,ClickPesa Debt Fund,Mimoto,MUWPAY,Myaza | Transact Across Africa,Nirvana Labs,OnBoarding Club,Ortege AI,P'aid Payrolling,Peer (by Honeycoin),Pretium Finance,Reflector,ScopeX,Solo Labs,Mykobo,StarLoom,Anclap,Stellar Tools,Storehouse Gold to Stellar,Tauvlo,Token Tails,USDC Swap: Stellar CCTP Bridge,Wagent","Accelar, Almanax, ART Club, Bingtellar, BorderDollar, Clear, Clixpesa, CyVers, Digicus, EarnBIT, EquitX, Excellar, Expand Network, FindTruman, Governance Modules Library, InfStones, Hypernative, ICanProveIt -Proof-of-Learning, Komunitin, Alterscope, Lumen Loop, ClickPesa Debt Fund, Mimoto, MUWPAY, Myaza | Transact Across Africa, Nirvana Labs, OnBoarding Club, Ortege AI, P'aid Payrolling, Peer (by Honeycoin), Pretium Finance, Reflector, ScopeX, Solo Labs, Mykobo, StarLoom, Anclap, Stellar Tools, Storehouse Gold to Stellar, Tauvlo, Token Tails, USDC Swap: Stellar CCTP Bridge, Wagent",Build Award Round,"March 18, 2024","April 14, 2024",,,,,,,"April 15, 2024","April 29, 2024",,,,,"April 24, 2024",Thumbnail - SCF #26.png (https://v5.airtableusercontent.com/v3/u/45/45/1758520800000/Qs96HOhDPewwxXGH9LCU0A/91iaTIXu_pmrfp0lDawA8WNMq66BP2BotxsYYi_4M6E3mKMCP-Hupm46lDKcM7G7TOCJ-lc2uSdPmyNLqvARGwhTNUhU7_bakaR8DWMHJ94bSifQ1EOp5aYBI3iJgRQGtop6wSBdkQNN5_dp-fekkcMsn4l_l2SelQskBFg-J-0/wD8dPb_DZMDlGxZ5OcnR6fIOIZ1r17cGxqIoh6mEXOk),SCF 5.0,https://medium.com/stellar-community/scf-26-round-recap-bc9b3f9529be?source=collection_home---6------0-----------------------,2024
SCF #25,Q1 '24,Ended,SCF #25 has ended. Find results here: https://medium.com/stellar-community/scf-25-round-recap-d458d5ebf0d2?source=collection_home---6------3-----------------------,0,84,27,32%,$1349860.00,$1355860.00,10892407,$49994.81,40,https://communityfund.stellar.org/dashboard/award-rounds/recafoYFTZmKFW0JE,"Blade: TradFi to DeFi Bridge,COCA.XYZ,CodeLnPay,Balanced,NearX - Dev Educational Program,DevTrak - Developer Onboarding,Dfns,Emigro,Forge,FROST Implementation,Hana Wallet,IDUNU: Help Kids Thrive,Meru,OrbitCDP,Phoenix,PipeOps,Sanctum,Soroban CLI Cross Platform GUI,Soroban and Stellar Content,SorobanHub,Stellar Razor and Blazor Suite,Certik,zkCrossDEX,Stellar-Nest,Stellarcarbon,Cryptoconexión,Mercury","Blade: TradFi to DeFi Bridge, COCA.XYZ, CodeLnPay, Soroban Copilot, Balanced, NearX - Dev Educational Program, DevTrak - Developer Onboarding, Dfns, Emigro, Forge, FROST Implementation, Hana Wallet, IDUNU: Help Kids Thrive, Meru, OrbitCDP, Phoenix, PipeOps, Sanctum, Soroban CLI Cross Platform GUI, Soroban and Stellar Content, SorobanHub, Stellar Razor and Blazor Suite, Certik, zkCrossDEX, Stellar-Nest, Stellarcarbon, Cryptoconexión, Mercury",Build Award Round,"February 19, 2024","March 17, 2024",,,,,,,"March 18, 2024","April 1, 2024",,,,,"March 27, 2024",Thumbnail - SCF #25.png (https://v5.airtableusercontent.com/v3/u/45/45/1758520800000/jxcdYyf9Y-1NKpptddaQsw/0TI7gORejVAMriAGtUK_49YuifdXkbvl82pEWJL5m9cXmFpWXjcYgjESyNpxeVCCdlUb3PiJX6RCpDxUoL1egoBmQVJ4IpSMnVdJAzNy5dvV354r8b4ft0j9uGJW7Vx1RA7WtSg5XcN0PyT17mxTDp5BbBHTZ1wZ4VniIj0Bg6I/_-98GtXJPjfXKGJxRrQ2LWmZfIpGV1iEC0jpb1gy_0k),SCF 5.0,https://medium.com/stellar-community/scf-25-round-recap-d458d5ebf0d2?source=collection_home---6------3-----------------------,2024
SCF #24,Q1 '24,Ended,SCF #24 has ended. Find results here: https://medium.com/stellar-community/scf-24-round-recap-07af99295a30?source=collection_home---6------5-----------------------,0,103,27,26%,$1427713.00,$1520613.00,11609869,$52878.26,23,https://communityfund.stellar.org/dashboard/award-rounds/reckqjDVyvKsbjyaK,"Dapplooker,Bitwave,Blaze,CoinSender,Depay,Dogstar,EnerDAO,Mykobo,Expand Network,Flutter Wallet SDK,JS Worker SDK,Kwickbit,Alterscope,Legacy Suite on Stellar,LOAM,Okashi,Perun State Channels,PHP Anchor SDK,Social & Podcast,Satellite + We Work Out,Solarkraft,Soroban Governor,Decentrio,Stellar Surge,Stellar Token Launchpad,STOCKen CAPITAL Legaltech,Wagelink - SDP Integration","Dapplooker, Bitwave, Blaze, CoinSender, Depay, Dogstar, EARNLUMENS, EnerDAO, Mykobo, Expand Network, Flutter Wallet SDK, Ionize: Stellar Asset Bridge, Transfuse: Multichain Asset Bridge, JS Worker SDK, Kwickbit, Alterscope, Legacy Suite on Stellar, LOAM, MozartPay, Okashi, Perun State Channels, Phoenix, PHP Anchor SDK, Social & Podcast, Satellite + We Work Out, Solarkraft, Soroban Governor, Decentrio, Stellar Solvency, Stellar Surge, Stellar Token Launchpad, STOCKen CAPITAL Legaltech, Wagelink - SDP Integration",Build Award Round,"January 8, 2024","February 18, 2024",,,,,,,"February 19, 2024","March 7, 2024",,,,,"March 5, 2024",Thumbnail - SCF #24.png (https://v5.airtableusercontent.com/v3/u/45/45/1758520800000/kEFgCFoe1hzT-4AieehB_A/jd8XfulrMGaxM29_QFculYcaFmySQg38ND7zyQt6TBm5UJi4iCKfoZ-MMvh-uMU6GRhClF85dG6WFo7Whrf6zZ4s6G6RGSp3IwgPvQIAHuzjWgN1OX3SnPg7Yxro-x2GlgoRS9YmEHEZPHbMNdN-5Q/IGEIVlgT2AcLmI29-YsxTUr3hKcgu1fTjT61vEAETPc),SCF 5.0,https://medium.com/stellar-community/scf-24-round-recap-07af99295a30?source=collection_home---6------5-----------------------,2024
SCF #23,Q1 '24,Ended,SCF #23 has ended. Find results here: https://medium.com/stellar-community/scf-23-recap-48d64ac4d5c7?source=collection_home---4------1-----------------------,0,90,25,28%,$1606125.00,$1606125.00,14293945,$64245.00,32,https://communityfund.stellar.org/dashboard/award-rounds/rec489VVVFeLoo0gu,"Allbridge Core,AnChain.AI,Aquarius,AuraPay,Mykobo,Constellation Protocol,Dropzey,Eascrow,EasyA,Formal VerSo,Gladius,Nobak,PAYGO Crypto,Rise In,Scout,Skeeper - a keeper platform,Solidity Contracts on Soroban,Stellarchain.io,Sanctum,Soroban Explorer,SoroSplits,BiGGER - Startup Camp 2.0,Styx: A Soroban-Cosmos Bridge,Tauvlo,Zentra","Allbridge Core, AnChain.AI, Aquarius, AuraPay, Mykobo, Constellation Protocol, Dropzey, EARNLUMENS, Eascrow, EasyA, FindTruman, Formal VerSo, Gladius, Ionize: Stellar Asset Bridge, Transfuse: Multichain Asset Bridge, Nobak, PAYGO Crypto, Rise In, Scout, Skeeper - a keeper platform, Solidity Contracts on Soroban, Stellarchain.io, Sanctum, Soroban Explorer, SoroSplits, BiGGER - Startup Camp 2.0, Styx: A Soroban-Cosmos Bridge, Tauvlo, Zentra",Build Award Round,"December 4, 2023","January 14, 2024",,,,,,,"January 15, 2024","January 29, 2024",,,,,"January 26, 2024",Thumbnail - SCF #23.png (https://v5.airtableusercontent.com/v3/u/45/45/1758520800000/a83x9SOyKYLTM66WzF0RaA/cn5gDqMuV5XHJykaOX8Jx91zsPprsDSA1qpx5sWs9m09PIt2zfNRKMEEfwClxRYygjFeU7yj8HgwJnUZSJcS5mzCz2cOycl88y4C9LtCBiJ8r5gZWf5jG-JbgHZnPDeBk8j3mSp9ORhFHx7U-fqWIQ/PfuPudh68geCgpGlDBKByaMxUDOWn_QUDavPaTdHOzA),SCF 5.0,https://medium.com/stellar-community/scf-23-recap-48d64ac4d5c7?source=collection_home---4------1-----------------------,2024
SCF #22,Q4 '23,Ended,SCF #22 has ended. Find results here: https://medium.com/stellar-community/scf-22-recap-0d4a4c2b3655?source=collection_home---4------2-----------------------,0,72,33,46%,$1417342.00,$1417342.00,11849408,$42949.76,20,https://communityfund.stellar.org/dashboard/award-rounds/recNppqiAoaK3YGlE,"Anchor Transparency Node,Anticipatory Aid on Soroban,Borderless,Catalyst Blockchain Manager,Chef,Coins.ph: Stellar Remittances,Encode Club,Estrela,Flutter Wallet SDK,Flux,Gecko Fuzz,GiveCredit,Governance Modules Library,Hana Wallet,KYC Token & UI for RWA,Lobstr,Meru,Ortege AI,Peer (by Honeycoin),PHP Anchor SDK,Soracle.org (Posted),RAMM: Global Retail Commerce,Social & Podcast,Soroban Governor,SoroBuild,Stellar Light,Stellar Rust SDK,Spatium Wallet,StellarStrides,triiyo,TrustedPlastic,TYPIQO,Ziriz","Anchor Transparency Node, Anticipatory Aid on Soroban, Borderless, Catalyst Blockchain Manager, Chef, Coins.ph: Stellar Remittances, Encode Club, Estrela, FindTruman, Flutter Wallet SDK, Flux, Freedom Pay Wallet, Gecko Fuzz, GiveCredit, Governance Modules Library, Hana Wallet, KYC Token & UI for RWA, Lobstr, Meru, Ortege AI, Peer (by Honeycoin), PHP Anchor SDK, Soracle.org (Posted), RAMM: Global Retail Commerce, Social & Podcast, Soroban Governor, SoroBuild, Stellar Light, Stellar Rust SDK, Spatium Wallet, StellarStrides, triiyo, TrustedPlastic, TYPIQO, Ziriz",Build Award Round,"November 6, 2023","December 3, 2023",,,,,,,"December 4, 2023","December 18, 2023",,,,,"December 15, 2023",Thumbnail - SCF #22.png (https://v5.airtableusercontent.com/v3/u/45/45/1758520800000/OV10U6UUaAlPr4cZCPGVEg/SSqo8vyCpljNQhW-HzEoFPf99ZVQ7JtIC0Oq0lrbNblv2E3D3NFSLehsx-M7z95Uvbgty-SojWTXjXODlhXBaEJY4xRXRs1K4ZiU9aCloX94vPc_M_yStpuNWH-_-NeNREp9TdkBZk4BHV39-CwkeA/0r8Q4gU7nsG7-EAuxuQn1Wpin3IKtmdvv5gw4Zhb82w),SCF 5.0,https://medium.com/stellar-community/scf-22-recap-0d4a4c2b3655?source=collection_home---4------2-----------------------,2023
SCF #21,Q4 '23,Ended,SCF #21 has ended. Find results here: https://medium.com/stellar-community/scf-21-recap-294449beac1d?source=collection_home---4------3-----------------------,0,66,27,41%,$1479419.00,$1398310.40,11515312,$54793.30,23,https://communityfund.stellar.org/dashboard/award-rounds/recig1Bqm55kmoRjg,"Paychant,Beans app,CashAbroad,Tricorn,Extractor - Soroban Security,Fluxity,FX Swap by Hedgehog,Glo Dollar,IDUNU: Help Kids Thrive,Keizai,LocalCoin,LumosDAO,Nauta Land,OnBoarding Club,OrbitCDP,OrbitCDP,Pakana.Net,Planet Pay,""""""Fixed Rate """"""""Fixie"""""""""""""",Reclaim Protocol,Slender,Smart Deploy,Soroban CLI Cross Platform GUI,Soroban Learn,Soroswap.Finance,TAP4Change,TYPIQO","Paychant, Basement, Beans app, CashAbroad, Tricorn, Extractor - Soroban Security, Fluxity, FX Swap by Hedgehog, Glo Dollar, Hana Wallet, IDUNU: Help Kids Thrive, Keizai, LocalCoin, LumosDAO, Nauta Land, OnBoarding Club, OrbitCDP, OrbitCDP, Pakana.Net, Planet Pay, ""Fixed Rate """"Fixie"""""", Quasar, Reclaim Protocol, Slender, Smart Deploy, Soroban CLI Cross Platform GUI, Soroban Learn, Soroswap.Finance, TAP4Change, TrustedPlastic, TYPIQO",Build Award Round,"October 16, 2023","November 5, 2023",,,,,,,"November 6, 2023","November 20, 2023",,,,,"November 17, 2023",Thumbnail - SCF #21.png (https://v5.airtableusercontent.com/v3/u/45/45/1758520800000/uf69c-cntawhAlv5lh0rpw/ORAXdFcAHsAoEaOmLwulxw7DPQYDcd6IBx0VtG5HmzOg7vy3LJilHQgzazebMtNYZkFoIYMVusomiaD45I1dOXwJ-aHdYu1KgwroZpMOmqX1v5LUrxBzRuwWwh8gqYjq0nUP5fz3okC8EsazNOrfZA/1eA4llWhZALkfYGWL_TF1RQMuSYe96hRQpdjnVADarA),SCF 5.0,https://medium.com/stellar-community/scf-21-recap-294449beac1d?source=collection_home---4------3-----------------------,2023
SCF #20,Q4 '23,Ended,SCF #20 has ended. Find results here: https://medium.com/stellar-community/scf-20-recap-88ef88935257?source=collection_home---6------0-----------------------,0,90,33,37%,$1402622.10,$1402622.10,11426067,$42503.70,31,https://communityfund.stellar.org/dashboard/award-rounds/rec5VVV3f5PeyvbLn,"Soroban React,Allbridge Core,AnChain.AI,AuraPay,Bank2Bit,Borderless,Chainsatlas,CLOB,CommuniDAO,DeRisk,DIA Oracles,Emigro,Formal VerSo,""Ionize: Stellar Asset Bridge, Transfuse: Multichain Asset Bridge"",KMAC State Machine Template (extension),Kwickbit,Okashi,Phoenix,QSTN,Reflector,Amber - RWA Tokenization on Stellar,Satellite + We Work Out,Scout,Skopa,Solidity Contracts on Soroban,SorobanMath,SorobanPulse,Sorosan,Sorscan,Steepx Stellar Explorer,StellarGPT,Stroopy.AI,Walletban","Soroban React, Allbridge Core, AnChain.AI, AuraPay, Bank2Bit, Borderless, Chainsatlas, CLOB, CommuniDAO, DeRisk, DEXTools Soroban Integration, DIA Oracles, Emigro, Formal VerSo, FX Swap by Hedgehog, Ionize: Stellar Asset Bridge, Transfuse: Multichain Asset Bridge, KMAC State Machine Template (extension), Kwickbit, LocalCoin, MozartPay, Okashi, OnBoarding Club, Phoenix, QSTN, Reclaim Protocol, Reflector, Amber - RWA Tokenization on Stellar, Satellite + We Work Out, Scout, Skopa, Solidity Contracts on Soroban, Soroban Assistant, SorobanMath, SorobanPulse, Sorosan, Sorscan, Steepx Stellar Explorer, StellarGPT, Stroopy.AI, Walletban",Build Award Round,"September 11, 2023","October 15, 2023",,,,,,,"October 16, 2023","October 30, 2023",,,,,"October 27, 2023",Thumbnail - SCF #20.png (https://v5.airtableusercontent.com/v3/u/45/45/1758520800000/nDhuFOBU2vNmnE_7XXbOXQ/ndAhtND6zjxBy7PB5leY1eOCV18F8QVFIUeyxEMLcJhA9-7h93f85Tw39NTeMvyE5kWYfHDb1bbFwYT1necDinBx2Pawdkuo4u9PUh8Ly9YbdCdRUlOnWcLjxEszTFqqq2xjw48AhdISN5IhJW5vpA/-_oy_9XNGMoMh5JaHd391VvQek6rKrCaUVXFtVi1TxQ),SCF 5.0,https://medium.com/stellar-community/scf-20-recap-88ef88935257?source=collection_home---6------0-----------------------,2023
SCF #19,Q3 '23,Ended,SCF #19 has ended. We will post a recap soon.,0,68,16,24%,$1253476.00,$1260475.90,11041477,$78342.25,18,https://communityfund.stellar.org/dashboard/award-rounds/recko1C9jr7Gu1NfN,"Alfred,AssetDesk,Canfy,CTX.com,Goldsky,Haciendo Stellar,Litemint,Mercury,MultiClique,NOWNodes,Soroban Explorer,SoroSplits,Stellar-MetaMask,Stellarchain.io,Syklo,Constellation Protocol","Alfred, AssetDesk, Borderless, Canfy, CTX.com, Goldsky, Haciendo Stellar, Litemint, Mercury, MultiClique, NOWNodes, Skopa, Slender, Soroban Explorer, SoroSplits, Stellar-MetaMask, Stellarchain.io, StellarGPT, Syklo, Syklo, Constellation Protocol",Build Award Round,"August 14, 2023","September 10, 2023",,,,,,,"September 11, 2023","September 25, 2023",,,,,"September 22, 2023",,SCF 4.0,,2023
SCF #18,Q3 '23,Ended,SCF #18 has ended. We will post a recap soon.,0,55,14,25%,$1411676.00,$1411680.63,7293571,$100834.00,27,https://communityfund.stellar.org/dashboard/award-rounds/recVMTyDRpbvlsuEo,"AssemblyScript Soroban SDK,Blaze,BlockEden.xyz,Chaincerts,Comet,HiYield,KometPay,Nebula,Ortege AI,OtterSec,Scalps,Stellar Rust SDK,SubQuery Network,Wombat Exchange","AssemblyScript Soroban SDK, Blaze, BlockEden.xyz, Borderless, Chaincerts, Comet, Fluxity, HiYield, Keizai, KometPay, Nauta Land, Nebula, Ortege AI, OtterSec, Phoenix, Scalps, Stellar Rust SDK, SubQuery Network, TAP4Change, Wombat Exchange",Build Award Round,"July 10, 2023","August 13, 2023",,,,,,,"August 14, 2023","August 28, 2023",,,,,"August 25, 2023",,SCF 4.0,,2023
SCF #17,Q3 '23,Ended,SCF #17 has ended. We will post a recap soon.,0,51,19,37%,$1959307.50,$1959307.50,13443018,$103121.45,26,https://communityfund.stellar.org/dashboard/award-rounds/recXVCOFY2ua4Xyiu,"EasyA,Arcturus,Basement,Mojoflower,Decaf Pay,Emigro,Excellar,Oinc,Perun State Channels,Plutus,Rust Soroban Client Library,Slender,Aquarius,stellarpro.dev,Soroswap.Finance,Anclap,Ripe,uils,Lobstr","EasyA, Arcturus, Basement, Mojoflower, Decaf Pay, Emigro, Excellar, Oinc, Perun State Channels, Plutus, Rust Soroban Client Library, Slender, Aquarius, stellarpro.dev, Soroswap.Finance, Anclap, Ripe, Syklo, uils, Lobstr",Build Award Round,"June 12, 2023","July 9, 2023",,,,,,,"July 10, 2023","July 24, 2023",,,,,"July 21, 2023",,SCF 4.0,,2023
SCF #16,Q2 '23,Ended,SCF #16 has ended. We will post a recap soon.,0,52,21,40%,$1901782.50,$1901782.50,17766681,$90561.07,24,https://communityfund.stellar.org/dashboard/award-rounds/recUF3yZVEAuiZWFG,"Pelago (Airswift),Band Protocol,CommuniDAO,DID:STELLAR,Dogstar,Mykobo,Infinity Wallet,Lightecho Stellar Oracle,Mica,Pactta API,Paychant,Phoenix,Smart Deploy,Soroban Learn,SorobanPulse,Sorosorcerer.com,SStream,Steepx Stellar Explorer,Gateway.fm,Tracee,Unalivio","Pelago (Airswift), Band Protocol, CommuniDAO, DID:STELLAR, Dogstar, Mykobo, Infinity Wallet, Lightecho Stellar Oracle, Mica, Pactta API, Paychant, Phoenix, Smart Deploy, Soroban Learn, SorobanPulse, Sorosorcerer.com, SStream, Steepx Stellar Explorer, Gateway.fm, Tracee, Unalivio",Build Award Round,"May 15, 2023","June 11, 2023",,,,,,,"June 12, 2023","June 26, 2023",,,,,"June 23, 2023",,SCF 4.0,,2023
SCF #15,Q2 '23,Ended,SCF #15 has ended. We will post a recap soon.,0,66,11,17%,$1112680.00,$1112680.00,11251389,$101152.73,23,https://communityfund.stellar.org/dashboard/award-rounds/rechrqDPrNMlxNBkY,"AnChain.AI,Beans app,Chainlink Oracles Relayer,Elio DAO,LINK IO,Pluto Loans B2B,Reflector,Soroban Smart Option Contract,Soroswap.Finance,Trilobyte,Okashi","AnChain.AI, Beans app, Chainlink Oracles Relayer, Elio DAO, LINK IO, Pluto Loans B2B, Reflector, Soroban Smart Option Contract, Soroswap.Finance, Stellar Rust SDK, Trilobyte, Okashi",Build Award Round,"April 10, 2023","May 14, 2023",,,,,,,"May 15, 2023","May 29, 2023",,,,,"May 26, 2023",,SCF 4.0,,2023
SCF #14,Q2 '23,Ended,SCF #14 has ended. We will post a recap soon.,0,66,12,18%,$509125.00,$508398.28,5326987,$42427.08,24,https://communityfund.stellar.org/dashboard/award-rounds/recRQ9ss2X8YBm3N5,"BTQ,AssemblyScript Soroban SDK,Autify Network,CashAbroad,Soroban Assistant,KometPay,Meru,Smart Deploy,Soroban Learn,Soroban Smart Option Contract,CommuniDAO,Planet Pay","BTQ, AssemblyScript Soroban SDK, Autify Network, CashAbroad, Soroban Assistant, KometPay, Meru, Smart Deploy, Soroban Learn, Soroban Smart Option Contract, CommuniDAO, Planet Pay",Build Award Round,"March 13, 2023","April 9, 2023",,,,,,,"April 10, 2023","April 24, 2023",,,,,"April 21, 2023",,SCF 4.0,,2023
SCF #13,Q1 '23,Ended,SCF #13 has ended. We will post a recap soon.,0,97,14,14%,$1267252.95,$1199752.96,11530899,$90518.07,21,https://communityfund.stellar.org/dashboard/award-rounds/recQ3Fej03TjkntLN,"Azores Metaverse,Chaincerts,Comet,FxDAO,Haciendo Stellar,Horizon-as-a-Service,Spatium Wallet,Public Node,Qolaq,Sorobix,Tellus Cooperative,The Blue Marble,Okashi,XycLoans","Azores Metaverse, Chaincerts, Comet, Dogstar, FxDAO, Haciendo Stellar, Horizon-as-a-Service, Spatium Wallet, Public Node, Qolaq, Sorobix, Tellus Cooperative, The Blue Marble, Okashi, XycLoans",Build Award Round,"February 13, 2023","March 12, 2023",,,,,,,"March 13, 2023","March 27, 2023",,,,,"March 24, 2023",,SCF 4.0,,2023
SCF #12,Q1 '23,Ended,SCF #12 has ended. We will post a recap soon.,0,10,1,10%,$1000.00,$1000.00,11252,$1000.00,12,https://communityfund.stellar.org/dashboard/award-rounds/recLjvItw3v2gQoxI,Soroban Pre-Order Contract,Soroban Pre-Order Contract,Build Award Round,"January 23, 2023","February 5, 2023",,,,,,,"February 6, 2023","February 10, 2023",,,,,"February 17, 2023",,SCF 4.0,,2023
SCF #11,Q4 '22,Ended,SCF #11 has ended. Find results here: https://medium.com/stellar-community/scf-11-announcing-the-winners-8bcd5606fc09,0,151,20,13%,$1134000.00,$1134000.00,13006074,$56700.00,45,https://communityfund.stellar.org/dashboard/award-rounds/rec974tWyNh4i9Eb5,"BravePay,CashAbroad,Chronospay,AnChain.AI,Elsa Wallet: Banking Filipinos,Empowch,Mojoflower,Horizon-as-a-Service,Kata.Games,Kotani Pay,Mythforge,Paystreme,Scam Flagging System,SNNAC,Spacewalk,Stellarcarbon,SorobanPulse,sTeX,Wirecash,Zig3v2","BravePay, CashAbroad, Centiiv, Chronospay, AnChain.AI, Elsa Wallet: Banking Filipinos, Empowch, Mojoflower, Horizon-as-a-Service, Kata.Games, Kotani Pay, Mythforge, Paystreme, Scam Flagging System, SNNAC, Spacewalk, Stellarcarbon, SorobanPulse, sTeX, Wirecash, Zig3v2",Build Award Round,"August 10, 2022","October 30, 2022",,,,,,,"October 3, 2022","December 4, 2022",,,,,"November 8, 2022",,SCF 3.0,https://medium.com/stellar-community/scf-11-announcing-the-winners-8bcd5606fc09,2022
SCF #10,Q2 '22,Ended,SCF #10 has ended. Find results here: https://medium.com/stellar-community/announcing-the-winners-of-scf-10-317a7da78209,0,152,15,10%,$1124180.00,$1124180.00,10571552,$74945.33,52,https://communityfund.stellar.org/dashboard/award-rounds/recYfC8iCHIQZbf0F,"AssemblyScript Soroban SDK,Beans app,BP Ventures,EduNode,Elixir Stellar SDK,LINK IO,Mythforge,Pluto Loans B2B,Sentit,Skyhitz,Smilepay Global,Source of Tales,Synced Geo-Bounties,The Blue Marble,Vitreous","AssemblyScript Soroban SDK, Beans app, BP Ventures, Centiiv, EduNode, Elixir Stellar SDK, LINK IO, Mythforge, Pluto Loans B2B, Sentit, Skyhitz, Smilepay Global, Source of Tales, Synced Geo-Bounties, The Blue Marble, Vitreous",Build Award Round,"February 18, 2022","May 29, 2022",,,,,,,"May 30, 2022","July 4, 2022",,,,,"June 15, 2022",,SCF 3.0,https://medium.com/stellar-community/announcing-the-winners-of-scf-10-317a7da78209,2022
SCF #9,Q4 '21,Ended,SCF #9 has ended. Find results here: https://medium.com/stellar-community/announcing-the-winners-of-scf-9-db1e0c770e54?source=collection_detail----89c348dcf743-----10-----------------------,0,82,14,17%,$918200.00,$1190706.20,4474186,$65585.71,49,https://communityfund.stellar.org/dashboard/award-rounds/recudIv2yPpNGXGFY,"Alfred,Answerly,Benkiko REST APIs,Command Robotics,GetPaid,Kotlin Stellar SDK,Kunst21.com,Quidroo,Simple Signer,Skyhitz,Stellar C SDK,Stellar Global,Tip me,xBull","Alfred, Answerly, Benkiko REST APIs, Command Robotics, GetPaid, Kotlin Stellar SDK, Kunst21.com, Quidroo, Simple Signer, Skyhitz, Stellar C SDK, Stellar Global, Tip me, xBull",Build Award Round,"October 15, 2021","November 21, 2021",,,,,,,"November 22, 2021","December 15, 2021",,,,,,,SCF 3.0,https://medium.com/stellar-community/announcing-the-winners-of-scf-9-db1e0c770e54?source=collection_detail----89c348dcf743-----10-----------------------,2021
SCF #8,Q3 '21,Ended,SCF #8 has ended. Find results here: https://medium.com/stellar-community/announcing-the-winners-of-scf-8-d3d31167a52d,0,65,8,12%,$611263.00,$622034.18,2247585,$76407.88,43,https://communityfund.stellar.org/dashboard/award-rounds/recyTUpvQlACk3vvV,"CryptoCannoneer,CryptoCannoneer,FijiCoin,InstantDAO,Ebioro,Stellar PHP SDK,Tellus Cooperative,Wally","CryptoCannoneer, CryptoCannoneer, FijiCoin, InstantDAO, MozartPay, Ebioro, Stellar PHP SDK, Tellus Cooperative, Wally",Build Award Round,"June 28, 2021","August 22, 2021",,,,,,,"August 23, 2021","September 26, 2021",,,,,,,SCF 3.0,https://medium.com/stellar-community/announcing-the-winners-of-scf-8-d3d31167a52d,2021
SCF #7,Q1 '21,Ended,SCF #7 has ended. Find results here: https://medium.com/stellar-community/announcing-stellar-community-seed-fund-1-finalists-3e9e95d41793,0,59,8,14%,$2135963.38,$2135963.38,4999999,$266995.42,,https://communityfund.stellar.org/dashboard/award-rounds/recw6ckjSnsUbBZMY,"Anclap,Blocknify,Whalestack,Leaf Global Fintech,Litemint,Mojoflower,OptionBlox & YieldBlox,Task.io","Anclap, Blocknify, Whalestack, Leaf Global Fintech, Litemint, Mojoflower, MozartPay, OptionBlox & YieldBlox, Task.io",Build Award Round,"August 31, 2020","January 19, 2021",,,,,,,"March 17, 2021","May 10, 2021",,,,,,,SCF 2.0,https://medium.com/stellar-community/announcing-stellar-community-seed-fund-1-finalists-3e9e95d41793,2021
SCF #6,Q3 '20,Ended,SCF #6 has ended. Find results here: https://medium.com/stellar-community/scf-lab-fund-1-retrospective-6fc4d9fa7ce7?source=collection_detail----89c348dcf743-----31-----------------------,0,20,8,40%,$45409.41,$45409.41,387385,$5676.18,310,https://communityfund.stellar.org/dashboard/award-rounds/recnH6JPBz2kaiugd,"Ayadee TRAK,Blocknify,Crypto Link,DEB,EduNode,Lumenswap,Relax,Stellarscam.report","Ayadee TRAK, Blocknify, Crypto Link, DEB, EduNode, Lumenswap, Relax, Stellarscam.report",Build Award Round,"August 31, 2020","September 20, 2020",,,,,,,"September 21, 2020","November 2, 2020",,,,,,,SCF 2.0,https://medium.com/stellar-community/scf-lab-fund-1-retrospective-6fc4d9fa7ce7?source=collection_detail----89c348dcf743-----31-----------------------,2020
SCF #5,Q2 '20,Ended,SCF #5 has ended. Find results here: https://medium.com/stellar-community/stellar-community-fund-round-5-finals-postmortem-b7b627531fff?source=collection_detail----89c348dcf743-----47-----------------------,0,19,9,47%,$315203.28,$325529.02,3035573,$35022.59,79,https://communityfund.stellar.org/dashboard/award-rounds/reczOk5GaIPR45zvA,"Cosmic.vote,Free Voting Platform ,Lettuce,MXlet,OpenSolar,Rigel,Stellar Update,Stellarmint,The Interstellar Platform","Cosmic.vote, Free Voting Platform , Lettuce, MXlet, OpenSolar, Rigel, Stellar Update, Stellarmint, The Interstellar Platform",Build Award Round,"May 25, 2020","June 21, 2020",,,,,,,"June 22, 2020","August 10, 2020",,,,,,,SCF 1.0,https://medium.com/stellar-community/stellar-community-fund-round-5-finals-postmortem-b7b627531fff?source=collection_detail----89c348dcf743-----47-----------------------,2020
SCF #4,Q1 '20,Ended,SCF #4 has ended. Find results here: https://medium.com/stellar-community/stellar-community-fund-round-4-results-b3ed5f6acbe1?source=collection_detail----89c348dcf743-----63-----------------------,0,17,8,47%,$0.00,$224721.16,2999996,$0.00,,https://communityfund.stellar.org/dashboard/award-rounds/rec7nDYjzcA9rQ6wR,"Whalestack,Lumenscan,NiceTrade,Apay.io,SDK for Stellar Qt,Sendit,Stellar Tip,Stellot","Whalestack, Lumenscan, NiceTrade, Apay.io, SDK for Stellar Qt, Sendit, Stellar Tip, Stellot",Build Award Round,"February 24, 2020","March 22, 2020",,,,,,,"March 23, 2020","May 18, 2020",,,,,,,SCF 1.0,https://medium.com/stellar-community/stellar-community-fund-round-4-results-b3ed5f6acbe1?source=collection_detail----89c348dcf743-----63-----------------------,2020
SCF #3,Q4 '19,Ended,SCF #3 has ended. Find results here: https://medium.com/stellar-community/stellar-community-fund-round-3-results-9d99e7cfec32?source=collection_detail----89c348dcf743-----87-----------------------,0,31,8,26%,$0.00,$201837.91,3000000,$0.00,730,https://communityfund.stellar.org/dashboard/award-rounds/reciGho3ffScfu5if,"Blue Orion,Cosmic.link,Litemint,Lumens for Charity,Paysapp,Public Node,Stellar Battle,StellarTerm","Blue Orion, Cosmic.link, Litemint, Lumens for Charity, Paysapp, Public Node, Stellar Battle, StellarTerm",Build Award Round,"October 12, 2019","December 14, 2019",,,,,,,"December 15, 2019","January 1, 2020",,,,,,,SCF 1.0,https://medium.com/stellar-community/stellar-community-fund-round-3-results-9d99e7cfec32?source=collection_detail----89c348dcf743-----87-----------------------,2019
SCF #2,Q3 '19,Ended,SCF #2 has ended. Find results here: https://medium.com/stellar-community/stellar-community-fund-2-the-results-69b3f6a6040e?source=collection_detail----89c348dcf743-----100-----------------------,0,37,8,22%,$0.00,$197567.30,3000000,$0.00,461,https://communityfund.stellar.org/dashboard/award-rounds/rec4GoPVeyuPkEDsu,"Astrocore,Centaurus,City States: Medieval,GetBlockCard.com,Lobstr,StellarAuth,StellarPay,Stellarport","Astrocore, Centaurus, City States: Medieval, GetBlockCard.com, Lobstr, StellarAuth, StellarPay, Stellarport",Build Award Round,"July 12, 2019","September 29, 2019",,,,,,,"September 30, 2019","October 12, 2019",,,,,,,SCF 1.0,https://medium.com/stellar-community/stellar-community-fund-2-the-results-69b3f6a6040e?source=collection_detail----89c348dcf743-----100-----------------------,2019
SCF #1,Q2 '19,Ended,SCF #1 has ended. Find results here: https://medium.com/stellar-community/stellar-community-fund-round-1-winners-1957314d15cc?source=collection_detail----89c348dcf743-----113-----------------------,0,40,8,20%,$0.00,$240180.14,3000000,$0.00,138,https://communityfund.stellar.org/dashboard/award-rounds/recohVtHa3k6ci2Bv,"Astrograph,Equilibre.io,Lumenaut Pool,Stellar Community Forum,Python Stellar SDK,StellarGuard,SWPLUG,Timed Transactions API","Astrograph, Equilibre.io, Lumenaut Pool, Stellar Community Forum, Python Stellar SDK, StellarGuard, SWPLUG, Timed Transactions API",Build Award Round,"April 17, 2019","June 22, 2019",,,,,,,,"June 30, 2019",,,,,,,SCF 1.0,https://medium.com/stellar-community/stellar-community-fund-round-1-winners-1957314d15cc?source=collection_detail----89c348dcf743-----113-----------------------,2019
SCF #36,Q2 '25,Ended,SCF #36 has ended. Find results here: https://medium.com/stellar-community/scf-36-round-recap-b35e675dee10,178,53,23,43%,$2088654.00,$861011.33,2831846,$90811.04,,https://communityfund.stellar.org/dashboard/award-rounds/receGSzcUcFX4pSvC,"Seevcash,zkFetch: zkTLS-Powered Oracle Solution,Interlinked,Splyce Finance,Swift Wallet SDK,Centiiv,Blux,AI Transparency Token (AITT),Lobster,PayZoll,Sentinel Protocol ,(SSC) - Scorechain Stellar Compliance,Uniblock,RemittEase,SendIN,Meta Contracts in Stellar,Soroban Security Portal,Globachain,LiquidsFi: Bridge and Cross-chain Oracle,Stables,TrustSwap: Team Finance,Venalabs,Venerez","GlitchD Labs, FeePrime, RegenX, Surge Pay , Plutope Merchant App, Seevcash, zkFetch: zkTLS-Powered Oracle Solution, TextCash, Interlinked, Stellar Analytics Platform Poweredby LLM, The Protius Protocol Build, Splyce Finance, Swift Wallet SDK, TrustEVault – Decentralized Escrow, Tiamonds, Centiiv, Boundless, Chainfluence Previously Adsdrop, Blux, Stellar Transaction Visualizer, CoinHarbour, Stellar AI Agent Kit, AI Transparency Token (AITT), FindTruman, Lobster, PayZoll, Invincible Football Manager (IFM), Next-Gen Tools for Tournaments, Sentinel Protocol , (SSC) - Scorechain Stellar Compliance, Neftwerk Inc., Uniblock, TokenWay, Peripay, RemittEase, SendIN, RendBit, DeFarm, Meta Contracts in Stellar, Soroban Security Portal, Globachain, Beexo Wallet, Sytemap, SoroStarter, LiquidsFi: Bridge and Cross-chain Oracle, RAMM: Global Retail Commerce, Hazel Trade , Stables, TrustSwap: Team Finance, Birdhouse: Modular Token Protocol, Snake Nation App - VNM Wallet, Venalabs, Venerez",Build Award Round,"March 26, 2025","May 4, 2025","May 5, 2025","May 9, 2025","May 9, 2025","May 26, 2025","May 27, 2025","June 2, 2025","June 5, 2025","June 12, 2025","June 10, 2025","June 17, 2025","June 9, 2025","June 13, 2025",,Thumbnail - SCF #35@2x.png (https://v5.airtableusercontent.com/v3/u/45/45/1758520800000/HIfTC-yZkOqY5a41capazw/Qna0ZF0b0ufTbtRaK7c5Me4Y-R9U7uuAjMUm6R__tem1URoZMXRsBFguEI1PNmHlJF5hPhKJuFHLJKzoCwhM4q7-DTPQ1KgVpCbI6AKB8mLYYxIQBRoebd8ZwJklDUbicvLIgZORziC4zXqWxj2Y3vPFV5VHJN3pjmg2aLN8N6I/EEH5PYwCrNS2qFWy0nE31sWxWQ-Sh7KqdpRvg8a969g),SCF 6.0,https://medium.com/stellar-community/scf-36-round-recap-b35e675dee10,2025
SCF #37,Q3 '25,Ended,SCF #37 has ended. Find results here: https://medium.com/stellar-community/scf-37-round-recap-9e0304ac6985,140,77,19,25%,$1861405.00,$629193.33,1565338,$97968.68,,https://communityfund.stellar.org/dashboard/award-rounds/recXNYH3tfP4FZnSi,"docking.zone,DomiPago,Liqvid.xyz,Stellar Integration in Adamik API,Tipper,Rivool Finance: RWA in Emerging Markets,Stellar Transaction Visualizer,Smilepay Global,LumenShade: privacy pools,TuCambio Wallets,Moonlight Protocol,Arka.fund,Ben Wallet (a KALE wallet),Stellar AI Agent Kit,SorobanHooks,ROSEN,Dobprotocol,reBlue: Securing Austere Supply Chains,Indentura","docking.zone, Sheltergram, Amary, Aarna Protocol, PeerPesa, Kwikpik, Tokenpad, Basilic:Unlocking Crypto Payment for Biz, Depay, Meme City, DomiPago, DevAsign, Stablpay, InvoiceX, Liqvid.xyz, Stellar Integration in Adamik API, Crynk - The Next Gen Payment Gateway, Thellex, Human-Centered AI Creator Payments , Tokenized Art Passport (TAP), Tipper, Syron, BeyondFi,  Koltena, Rivool Finance: RWA in Emerging Markets, Scopuly - Stellar Wallet, Kassiopea, Stellar Transaction Visualizer, Cosmo Dex, JS-Capacitor Passkey Kit, Smilepay Global, Ryvit, LumenShade: privacy pools, TextCash, TuCambio Wallets, FindTruman, Moonlight Protocol, TrustEVault – Decentralized Escrow, Veive: Modular Identity Provider, Blockera - Realty on Chain, Crossmint Smart Wallets, Arka.fund, Ben Wallet (a KALE wallet), RegenX, Stellar AI Agent Kit, Loky: AI-Powered DeFi on Soroban, SorobanHooks, AuditAI, Peridot Finance, Eara: European regulated RWA ecosystem, Beeeyond.africa, Fundraisely, Sunce Wallet, Lul-Serving the unbanked, GrantFox, Fund Stella, Institutional Treasury - XLM, JUA, Interlude, ROSEN, CoinHarbour, Forestio, Aerochain, Web Antivirus, Dobprotocol, Peripay, Alternun, Minah, Upesa (formerly utoken), Global Cultural Assets Exchange, Ebisoft, Sytemap, reBlue: Securing Austere Supply Chains, UnityLedger, test2, Indentura, gemma test 2",Build Award Round,"May 5, 2025","June 8, 2025","June 9, 2025","June 13, 2025","June 16, 2025","July 6, 2025","July 10, 2025","July 14, 2025","July 17, 2025","July 23, 2025","July 24, 2025","July 31, 2025","July 21, 2025","July 25, 2025",,Thumbnail - SCF #34.png (https://v5.airtableusercontent.com/v3/u/45/45/1758520800000/stvhPR1udwkenGvWkn2Mbw/_gKDwgvtTts-kbCsMvIsc_c4CX71UyoGlBN7XsD0KKGHyvTS6ajOlVOLODTqzZzkNWebqIRb6e_gvD-r584R6rUdiCyAEUjn1_f6vNvK44xFduDfHok2QYaUVT8RjN2b-xXU1IQofM6l55h79J343NBjZeajaYJDZS3vOrcaaoo/yx8958k22zXE9BO-IhIcJxJi_DcOg_anbXhV1bDjfyg),SCF 6.0,https://medium.com/stellar-community/scf-37-round-recap-9e0304ac6985,2025
SCF #38,Q3 '25,Notification & Award Distribution,"SCF #38 is currently in the Notification and Award Distribution phase. If your Build Award submission passed Community Vote, we will notify you by email with next steps on information collection and award distribution. If your Build Award submission didn't pass Community Vote, we will notify you by email with feedback.",160,89,24,27%,$2568750.00,$544250.00,1411356,$107031.25,,https://communityfund.stellar.org/dashboard/award-rounds/recj1XuLpWn6GQRmc,"Hito Wallet,Freedom Pay Wallet,SFx Super Money app,ROZO - One Tap to Pay,Webacy Inc.,IRL,Token Terminal,Vanna Protocol,Agnostic,Aerochain,Lul-Serving the unbanked,Cartwey,Kasi Money,Onboard Game Devs with Beamable,Rubic,WebSoroban IDE,YieldBack.Cash,Stellar Merch Shop,Peridot Finance,Institutional Treasury - XLM,Minah,Sollpay: Keyless ZK Wallet + Stellar,AgTrail: Stellar Food Traceability,FastBuka Delivery - Food and Grocery App","Finch, Houdiniswap, POMA Protocol, Scopuly - Stellar Wallet, Greybox, Borderless Neo-bank for Diasporas, XLM Wallet for Salesforce, Hito Wallet, NemorixPay, CoopStable v2 - Yield sharing stablecoin, DayFi (Daily Finance), Tutum Financial, Freedom Pay Wallet, TokenWay, Money app Treasury and Invoice Dashboard, Celeriz, GrantFox, Crynk - The Next Gen Payment Gateway, Aletheions: Blockchain Infrastructure, QuantCite, Cosmo Dex, SFx Super Money app, TruMarket: Automated Agro Trade Finance, FindTruman, Digemart, Blockera - Realty on Chain, Thunder, Cryptnance , ROZO - One Tap to Pay, Kutana Pay, Analogue Shifts, Vottun QuestHub powered by Stellar, Fundraisely, Webacy Inc., InveStar, IRL, Mobile Wallet Crypto ATM, Token Terminal, Azawire, Liquidity rail, DevAsign, Vanna Protocol, Hurupay Virtual Accounts Program, Gimme, AIDA, Piggy Wallet, Stable Jack, Agnostic, Logistech, Aerochain, Lul-Serving the unbanked, TrustEVault – Decentralized Escrow, Nefture, Cartwey, Kasi Money, Onboard Game Devs with Beamable, Rubic, PizzaDAO Apps , WebSoroban IDE, Snyper, Surus, PipeOps, Upesa (formerly utoken), RematesPro, YieldBack.Cash, Nodefoundry AI, Stellar Merch Shop, Peridot Finance, Example no description, Waku, Institutional Treasury - XLM, OmyPayments, Minah, The PASS Alliance, Diaspora Banking Companion for FIs, Amary, Sollpay: Keyless ZK Wallet + Stellar, TheXBank , Parabl, stallion, Vaquita, Grade ERP, AgTrail: Stellar Food Traceability, Surge Pay , AFRIPAY FINANCE, Neftwerk Inc., Conomy_Payment4Platforms, FastBuka Delivery - Food and Grocery App, dolphinze",Build Award Round,"June 10, 2025","July 22, 2025","July 23, 2025","July 28, 2025","July 28, 2025","August 11, 2025","August 14, 2025","August 19, 2025","August 22, 2025","August 27, 2025","August 27, 2025","September 2, 2025",,,,Thumbnail - SCF #38.png (https://v5.airtableusercontent.com/v3/u/45/45/1758520800000/loGemVc67xxug_rLE_xZ-A/umkT9j3oYr6fByZnIXwc-pM-rQFQjXe2zxiYxLtsd21Xf7l-MOT_qBINwoUdB5QUbhm5_UHX_ksQM_OcxrU7bK4qeBBNm06x4JyBlZJTsi60KHalVnPMLRETHEVjWMzGBzMfYlOcqZKnNBhyiR9xkf0jGp1Q9Kh2-0AqvUHPl9Y/AwFngKix7ZejAo55r4PlZSDqKFcgCIEapU2qtcmbdkU),SCF 6.0,,2025
SCF #39,Q3 '25,Award Submission,"SCF #39 is currently in the Award Submission phase. If you received an invitation to submit a Build Award Submission Form this round, please do so before 2025-09-21T00:00:00.000Z by heading to the ""My Projects"" page and filling out a submission form for your project. If you haven't submitted your project at all, head to the ""My Projects"" page and complete the project form before next round's deadline.",140,71,0,0%,$0.00,$0.00,0,,,https://communityfund.stellar.org/dashboard/award-rounds/rec9bKSlg8jOYiwS0,,"Splito, Gateway App, RendBit, Decentralized Fact-Checking Toolkit , OmyPayments, SecureX: AI-Powered Security Platform, BP Ventures, Syron, JUA, Azawire, QuantCite, InveStar, Gimme, Tokenpad: Stellar DeFi and RWA Tracker, The Neighborhood, OracleID by KrosAI, AIDA, Kea Credit, MicroVault by Shamba Records, PegFlow, PeerPesa, Wendi Stellar Remit, Laguna Network, Vaquita, Chain.Love, Thellex, Forg3t Protocol, Upesa (formerly utoken), Blendy - Core Liquidity Infrastructure , SorobanHooks, Digemart, VerbEx , eFama Voucher System, Depay, Cryptnance , Fiatsend, Cross-Border AgriFinance for Africa, OneKey, Tokenbooks Multi-Chain Crypto Accounting, CelerFi, DevAsign, Synced Geo-Bounties, Borderless Critical Health Protection, Hurupay Virtual Accounts Program, EduAfrica Learning App, erable, ZeroFX, IC Investments, Lumen Later, Ryvit, ZKfinance - Lending for Entrepreneurs, Human-Centered AI Creator Payments , Traction3, WP Studio, Loky: AI-Powered DeFi on Soroban, Roots Pay , Amary, Inference, Nefture, AuditAI, Paykit SDK, Sovrn: Onchain City Payments + more, Nodefoundry AI, Chaosground, Thunder, Soroban SDK Tools, Kutana Pay, DeFarm, QuillTip: Publishing and Microtipping, Peripay, SocketFi",Build Award Round,"July 21, 2025","September 1, 2025","September 2, 2025","September 7, 2025","September 8, 2025","September 21, 2025","September 22, 2025","September 29, 2025","October 2, 2025","October 8, 2025",,,,,,Thumbnail - SCF #39@2x.png (https://v5.airtableusercontent.com/v3/u/45/45/1758520800000/SC5UxpFDewE2znlfP6XH8g/yGstAy5IPCB_FIxuMDxyGpOCunpp_cd0PTxueyX4f1BmTXaV7EexogFYcGsgqz9zAqgw94sINU_tBSrwgJXZmTTYrrcBcoCiUcpqU1QDahnGtPHdsVTH_keRC_efZVMvWwYr1oCUC23ZxFwk57gqKv3BbTlPgnR9HXwPqBH0RCQ/HduVSFiQCFGQ7tDq2eUh1pRCKYoDTvizhzO-zzqjCnU),SCF 6.0,,2025
SCF #40,,Abstract Submission,"SCF #40 is currently accepting new Project Submissions until October 12, 2025. Head to the ""My Projects"" page and submit your project before the deadline. After you submit your project entry, we'll email you if your project has passed the Initial Review phase.",24,0,0,,$0.00,$0.00,0,,,https://communityfund.stellar.org/dashboard/award-rounds/rec9zh7vNhlW5M1Hc,,,Build Award Round,"September 2, 2025","October 12, 2025","October 19, 2025","October 17, 2025","October 21, 2025","November 9, 2025","November 10, 2025","November 17, 2025","November 20, 2025","November 27, 2025","November 28, 2025",,,,,Thumbnail - SCF #40.png (https://v5.airtableusercontent.com/v3/u/45/45/1758520800000/gn8Gz-60f5j6wiG6HILbSA/pYWoEsHfGJiA58BZbUJAFNeb4-iVsWeEtmGWc-41O4PcXML7WQZtHGbGrfWe3JIRNAaIE91zw2iutZ0xrpASQnILVmJoOXYMeerOn8kQK5322yfb7UGlmMeplMmbQl91uV0Opm11sPJbzGNmdOKlR0Nc1XN0FzyOu9kyVo4W-1k/bJHbsFoKz0LkJvLVT0f6Wpsm5oW1AJlfHmwn_Zu74SE),SCF 6.0,,
SCF #41,,Pre-Submission,,0,0,0,,$0.00,$0.00,0,,,https://communityfund.stellar.org/dashboard/award-rounds/recTLIVf9LOTBtkld,,,Build Award Round,"December 8, 2025","January 11, 2026","January 12, 2026","January 19, 2026","January 20, 2026","February 8, 2026","February 9, 2026","February 23, 2026",,,,,,,,,,,