address,choice.1,choice.2,choice.3,choice.4,choice.5,choice.6,choice.7,choice.8,choice.9,choice.10,choice.11,choice.12,choice.13,choice.14,choice.15,choice.16,choice.17,choice.18,choice.19,choice.20,choice.21,choice.22,choice.23,choice.24,choice.25,voting_power,timestamp,author_ipfs_hash,reason
0xafA3E6E29D99337b166b83fB24bA17b19764B49D,1,1,1,1,1,1,1,1,1,1,1,1,1,1,1,1,1,1,1,1,1,1,1,1,1,200,1710780079,bafkreidmctnxhewn3g2mlkjhvg3ybrt4e4eibexoddc3gdvwbcmscoodka,""
0x3df13B9bd79158f0cccDDd0833cF774178e3d2e9,,,,,,,1,,,,,1,,1,,,,,2,,,,3,,1,202.36008238176817,1710781294,bafkreiazgv4nzrn67klha26mkfs7ksqakz3sqq2an64imqkesbr6r737fy,""
0x1e90474D2E83e7B7dD45553156Beb316845E66A4,,,1,,,,,,,,,,,2,,,,,,,,,3,,,1000,1710782450,bafkreie4xxoopvktj3iabzh27gcaylcj6jnmnlk6ttkfaftazz7wr5gmea,""
0x884Ff907D5fB8BAe239B64AA8aD18bA3f8196038,,1,,1,,,,,,,,,,1,,,,,,,,,,,,1000,1710782678,bafkreidy25eb6qgjcvrw722zeovabadwm3iujtinu4xvwbhzeq6ub4me4q,""
0x809C9f8dd8CA93A41c3adca4972Fa234C28F7714,,,,,,,,,,,,,,,,1,,,,,,,,,,646.4377890238414,1710782819,bafkreifr23gqn2raiyqvfp6gz6eyia7mjgu4id5gohhhgw44my4mg6o26a,""
0xCA72c93172BA6EfF168E59e7F17C3C7A8FeA9B62,,,,,1,1,,1,,1,,,,1,,,,,,,1,,,,,1000,1710782975,bafkreifqpct5wfmegyfidhdbgcvl2dqw7ufv47fk5qaqt52cvlzjyweycq,""
0x25FA68A4c340202737EDBC67fD1a2Ec8DE872dB6,1,,1,,,,,1,1,,1,,,1,,,,,,1,,,1,1,,500.81142206,1710783426,bafkreiarlrjo4n3jututvq4svtoc6du2buwvb26glecv5iglatd4hxtlt4,""
0x1bb216120E8F939f520C610Bdc3C88aDAc4b06f7,,,,,,,,,,,,,,1,,,,,,,,,,,,37.106014081422586,1710783933,bafkreia2iso63liixssx4bhaoytnfplgaqamjoc4ii7ittl3wjeytchxkm,""
0xb3313b023e68CdA95d7B625200e1B0fE6335A0c2,,,2,,,,,,1,,2,,,2,,,,,,,,,2,,,1000,1710783951,bafkreif2dkd2cugbiafufrymdwcqj6v42u2zljlgi5k3ocad77d23m2oqi,""
0xFB40932271Fc9Db9DbF048E80697E2Da4AA57250,,,,,,,,,,,,,,,,,,,,,,,100,,,1000,1710785054,bafkreih52wm5npdpwxpvkhbqpsvb442gtes7wixcdfcjte3q64ib4xk2dq,""
0xE36BD8C15a83b89E2E49806d7312846069755C63,,,,,,,,,,,,,,,,,,,,,,,1,,,1000,1710785248,bafkreig65cnn4fizqv5s25y3wawl5iziu6kjmlkhi34c2p4rn4jewpeyxi,""
0x43930Ff04D18a5B59805151c1Eb403C55870641E,,,,,,,,,,,,,,,,,,,,,,,1,,,1134.9218178162419,1710785343,bafkreiar3j62pdmtyzyjvrc3yplqj22w2l7lemndnlc5cbvb5m7ji43uba,""
0xAFE2b51592b89095A4cFb18da2B5914b528f4c01,,,,,,,2,,1,1,1,,,,,,,,,,1,,,,1,1000,1710787057,bafkreiafjqvstn4dckica24b6z5qusaoxkq6yuxrpipezmj563mjxtloye,""
0x4dD6720D2Bb8721A46bdF9a528704164578E03B9,,,,,,,,,,,,,,,,,,1,,,,,1,,1,1000,1710787754,bafkreig72jgkljvydo3bg52omymh3dxyrqcb4qrqx2p6ryba6swnzcxsmm,""
0x6C965b656C450259a6D4d95A2E68Fb4319EecBc0,,,,,,,15,,30,,20,,,,,,,,,20,,,20,,20,1000,1710788149,bafkreiddzn46iijljk6d42sihcmjlvxbvwzft25hyr2khe67ta5l4rcuwa,""
0x653d973b36137A5cB2fc304996E0af1F1afCC628,,,,,,,,,,,,,,1,,,,,,2,,,1,,,3144.788106422823,1710793849,bafkreibwarvvlal3apzrmgbupbki33xdf2bmoknrwes5r5gktlwg47whia,""
0x1d921dff757610FbDB0073479e12c0a07d382677,,,1,,,,,,,,,,,,,,,,,,,,,,,1200,1710796526,bafkreid5nrthbnsh5rks2pg3dxoula5lswejqca63w4kbngqwo2h7gqgpy,""
0xAC0Daf3eeF18A76B4fd0865864186EB72b683e29,,,,,,,,1,,,,,,,,,,,,,,1,,,,500,1710797074,bafkreih6kwao4r5t3nnyk5sy3wuoizfmhsht5j3l6t5t2cc7ellutrxciu,""
0xbe9E7b0ed19526544B55b697107231f9467a805f,,,,,,,,,,,,,,,,,,,,1,,,,,,100,1710800994,bafkreiemosp7spxg42fzp3invv5buml3gvguetebkclzgkalid3h2ram5y,""
0x8A8C879D39A74fCE0593714956bB7Ed048A5c1BF,,,,,,,,,,,,,,,,,,,,,,,1,,1,1062.8425350078523,1710803706,bafkreicew2xvesptcqh7wnrwho3yuftyy3oot4cdg6ib5txw2l2zttpmm4,""
0x88f1706c20d94A4d1551C5F799C9E3380A24C3AC,1,1,1,1,,1,,1,,,,,,1,1,,1,,,1,,,1,,1,1000,1710805745,bafkreiflzhip43hrvoszqsdmemqhmuweoo7k3pxntzsjufowiguexeef6a,""
0x954F716e6de059360d278B773138f8e046696721,,1,,,,,,,,,,,,,,,,,,1,,,,,,1000,1710807218,bafkreic7omboue7jviexdirom5wkgzsktweznghqy3c3pu5uyadzeqw7uy,""
0x583bBaDA56bb535BCBb31877A620A6ff2A25CeA5,,,,,,,,,1,,1,,,1,,,,,,,,,,,,1000,1710807844,bafkreif3vvfymt5fqaalmzk3m5klj7zcplzougfwxubojglvnig2bcsuny,""
0xE77ad9c5af60332D24E5531B51A6B7f61D0B8703,,,,,,,,,1,,1,,,,,,,,,,,,,,,1000,1710815637,bafkreigkuyrvlykjkp2iiax6j6xmbcr3qfyagm3735zxnwy5kxrghgdvmm,""
0x50418699cB44BfDa9c9afc9B7a0b0d244d8927D2,,,,,,,,,,,,,,,,,,,,1,1,,,,,500,1710822451,bafkreiackchmscds4lx6tykctolg4g2obvhdiqi2noxwu3xxlxbkxo6nre,"Those 2 did and do Impact ❤️"
0xa8258ED271BB9be9d7E16c5818E45eF6F2577d92,,,,,,,,,,,,,,,,,,,,1,1,,,,,500,1710822647,bafkreiakdrahvrucjaqthontog3zu75ipqtythq24ywh24zoqffxoqma4u,""
0x9e602c1920443F01Cb100a57A7F894df8Eb42f66,,,,,,,,,1,1,1,,,,,,,,1,1,,,,,1,1000,1710826236,bafkreiapvs5bmh7jvvod33trlfv7s5rx6eky5xmzmmyonsv3l4uuqz7u7e,""
0x3B981fA5dD50237dAb6F96A417A6690B6f20FcC4,,1,1,,,,,1,1,,1,,,1,,,1,,,,,,,,,1000,1710826418,bafkreidmz43cwuovkamfe2t6b4jwr6k5d5fmwynnolz7irob67whsnqdnu,""
0xBEa26DE685Ef828b60cA53b40Ecc9Bab35645fDF,,,,,,20,,20,,,,,,20,,,,,,,20,20,,,,182.11389320129555,1710835925,bafkreictxctsolg6ilb75xpd5a2e4na7rhrghdm5kjsbuvhtmbhnppd2i4,""
0x3FFD0C300fa4a021364Ae7e85a7b0d3a02133f99,,,,,,20,,20,,,,,,20,,,,,,,20,20,,,,104.01828968389601,1710836012,bafkreicqwk74pfnrsxg2t6yw5mft2ptll5acyxqz3i2hvxkhtycpr6azni,""
0x03bB5bC3c8fdAB212A6b2B347a049133DfCB3A47,,,,,,20,,20,,,,,,20,,,,,,,20,20,,,,5000,1710836140,bafkreidaj7xkdust53gqafmkjyexrhprr3o7wu4zvz43a7m2bjwtjcgdgm,""
0xCE8D52c38d74B77a0aA361c48Fdce6b220A3370e,,,,,1,,,,,,1,,,1,,,1,,,,,,,,,1000,1710837746,bafkreifvs2xhyrngroco3werktalo5u57lkl4mpayzi6gxxy4mghzdwdzu,""
0x4D32D90D6535bD4e7eaBaa27EE72932cB214BbfA,,,1,,,,,,,,,,,,1,,,1,,,,1,,,,5000,1710839098,bafkreibyogjvazqwmzitd2jybkbq7mn424rt3cjatfbnk6xmya2hx4dwei,""
0x746bb7beFD31D9052BB8EbA7D5dD74C9aCf54C6d,,,,,,,,1,1,,1,,,1,,,,1,,,,1,,,,795.1425180844036,1710839929,bafkreicryu2jxmdgur4tpoon5ixd2c4beq2uamurij4aeuf5gxjyrhx66i,""
0x0D89421D6eec0A4385F95f410732186A2Ab45077,,,,,,,,,,,,,,,,,,1,,,,,,,,1000,1710842899,bafkreib6fnqw66tmwae2jicm5mur56uqwlmrqab46ezbfxtgtqw4gm4ofe,""
0xd37ED782323A82e5BD55A92500E48FF5eFcc415E,,,,,,,,,1,,,,,1,,,,,,1,,,1,,,451.45646194602773,1710843538,bafkreibywvbij5hzldecbg67limknrtpmi2wgg256jidobt7yfk4dvhm2a,""
0x616caD18642F45d3fa5FCaaD0a2d81764A9cBa84,,1,,,,1,,1,,,,1,,2,,,1,2,,,2,,11,,,1000,1710848026,bafkreibrdzcw5s22o6x6mwikyuoom43la6mnjbv426mixm67e4hlaxopse,""
0xe8aa836a597a66724D678860D105561c13E95bFa,,,1,,,,,1,,,,,,1,,,,,,,,,1,,,3778.66,1710851499,bafkreigp26fbfxyi7h7wigiay45y76ryduqasov5ctadappbp5nj5wg42u,""
0xA8F0048A0d1A04663Ca5010d0bEaC5BCAEeA0eef,1,,,,,1,,1,1,1,1,,,1,,,,,3,,,,,,1,1000,1710857438,bafkreieeqs5f5bdfuwy2jgwqauylvj6kgsqfrrrsmyuswgxrcovrw7q6ee,""
0xA4369e39e3ED13593Adb0142A1ea5d08AbdF99C4,,,,,,1,,,,1,1,,1,1,,,,,3,,,,,,,1000,1710857523,bafkreicobhzumrsbmggsfz77mbdu2daijhqztjxeyo335ek6rf3rxa5e34,""
0x508A4F07B60BA0940283Cd4e32d5DEb0CC38AdF7,,,,,1,,,,1,,1,,,,,,,,,,,,,,,102.00148329408651,1710858633,bafkreibduuskkzikufjfak6x362wkqptgcvc3jlb3hwy2qowa5nsowirxy,""
0x432C53218A11bEd08d238Cf84ff547CE4fe933ab,1,,,,,,,,,,1,,,,,,,,,,,,,,,1000,1710859878,bafkreiczwdvvluv4pxae4ix2miy7oms5wievuwmfylw5a5yqif4y64ctcy,""
0xCd0D4CDb238Eec15Fcf4ff9d13d5a59051E507D7,,1,,1,,,,,1,,1,,,2,,,2,,,,,,3,,,17000,1710859892,bafkreievamdjudmbqvmwqw3422k2bfgoo5fj4rgogsxb5hzuwa5hsx4wlq,""
0x85c7D244c6057D42C770aD85aE198Fc5F47957fC,1,1,2,2,,1,1,1,2,1,1,1,1,,,,,1,1,,,,2,,1,4277.355401178872,1710859993,bafkreiclo72265jc5sr2i2pyjvspmbz5lcgyhhb6c6c4g57zna5ax6ho5a,""
0x76B4b27B47f211448964eD2cf92F731412602700,1,1,1,2,1,1,1,1,2,1,1,1,1,1,1,1,1,1,1,1,1,1,2,1,1,1039.086401508954,1710860078,bafkreih4c26hwd5zc5mblravzzdbn4szsagbiyrjh6lequdwsoklpvrn4q,""
0x8341c4106523b49fc247f84e412Bb2AF5597038f,1,1,1,1,,,,1,1,,2,,2,,,,,,,2,,,2,,,1062.8121428688498,1710860137,bafkreigb3zmwd64jof6vry44sqfeecdg4zjrnzkyu46puqdgfflcbyn56y,""
0x87704a8CecbbF36f3D2f785Ef953eD9aFFc82b65,1,1,1,2,1,1,1,1,1,1,1,1,1,1,1,1,2,1,1,,1,1,1,1,1,1001,1710860243,bafkreiaxcucidksujzrhvvnareiql7krstbzjgxgfseaatct4nvpongmxe,""
0xAB4e4F9C9C394D72dbAE834075fd4519D7290456,,1,1,2,1,1,,,,1,1,,,,,,,,,,,1,2,1,1,2391.361975245823,1710860303,bafkreie2duwu4j2irakfjbvrncexkdvz2x5wz4drxpcwx3mskve24ypid4,""
0x512B436cB2Ed6016e80d4F89ca578F99DBBccb61,,1,1,2,1,1,3,1,2,1,2,,,,,,,1,1,1,1,,2,,,2400.8664949768445,1710860372,bafkreidky5gwnmcj472fcw7c7apxnkgecxsh2tr65xeo7zmeydq6dlgx4q,""
0x341C2F0E48087ce4E21eF0c75Cd062629F496dF8,1,2,1,1,1,1,2,1,2,,2,1,2,,,1,1,1,1,1,1,1,2,1,1,2197.48546560382,1710860437,bafkreiejmf74sjv6tj7tqmljsznjglvr37qrjgywk7vcod76vlx667f7jm,""
0x4Ae6a8A28c87b75e935a90D6128F2649C969c0D8,1,1,1,2,1,2,1,1,2,1,3,1,1,1,1,2,1,1,2,1,1,1,2,1,1,2243.075276840107,1710860492,bafkreicudirnhenwsqlrku7heeisrjc477wkhsf7ozx33st44ik7j6byla,""
0x50544864a4fE04FcA8401937B849b48e1E53BCD8,,,1,,,1,,,2,,1,,1,1,2,,,1,,,,,3,,,5408.815446706653,1710860556,bafkreib47nyho7etxep4aicdjyq6bhfe4kflmxgfizx7uzhrknqkpuoihy,""
0x4CC9E6fABb800F083a2685501d1A30CdAbb4B2De,,,,1,1,1,1,1,1,1,1,1,1,1,1,1,1,1,1,1,1,1,1,1,1,1332.4381099777015,1710860611,bafkreicdxcpyxxohsh43fhktixwwutievlomq7v3psizp2my4ccxtrhn4a,""
0x11FA934f6754076AEb7Cf0A72a1c2D2518aA4C77,1,1,2,1,,,,1,2,2,,,,,,,1,1,,,,,1,,,1123.1398542804443,1710860675,bafkreiaefuyf22htwmojbrzrnjeez3ujlp2wqqepn56qeuyrs5vtwqnusq,""
0xa7CA400d49BBa87EB606ee05af93689BD21FaB99,,,,,,,,,,,,,,,,,,,,1,1,,,,,111,1710860743,bafkreia33ayao5sd626iftylkd2lswufx7higp2kuxhiju4shmcncsojhq,""
0xfB94f39B150Ae661F85762154c0CadC65E083791,,,1,1,1,1,1,2,2,1,3,1,1,1,2,1,1,1,1,1,1,2,2,1,1,1125.5437704757355,1710860756,bafkreib6gzzspd5hlipt7icnaadwp4me542luuepjxfzzcnuync4txmaqa,""
0xeBcF41FfFa0aac1DC1B1d4D7C92A7D88694c4486,,,,,,1,,,1,,2,,,3,,,,,,,,,1,,,1179.1184694335814,1710860943,bafkreifsfeacb6v26wwoouk6zsfp6ydrkam6warxn6plrginsxi6k362tu,""
0xC9c32A8c745bB66094B8B27A74Be48E84FD1a8F3,1,1,1,1,1,1,1,1,2,1,2,1,1,2,1,1,1,1,1,1,1,1,2,1,1,914.6782398552236,1710861036,bafkreidm2t3rxxt4bduzb6s5qcshdqfic3hv4rx72e2yi5hjeui274u7hq,""
0xd46E61d448568D00483D4e82b822381EE62C5774,,2,,,1,1,,,1,1,2,,1,3,2,,1,1,1,2,1,1,1,,1,743.2046858408858,1710861092,bafkreigpehwolb4ayw5yyakfld3b2zye5zimsq55wfzfn4jrzlctwsrtmu,""
0xACC3D48B216EAFbE0F943167c3087E7f0C642D6e,1,1,1,1,2,1,1,1,3,1,3,1,1,2,2,1,1,1,1,1,1,1,3,1,1,1703.1621623115386,1710861170,bafkreiftirpsokp7h3fwso7oda5ywsaccjjnjjnven5xrvun6j6tcepmdi,""
0x770569f85346B971114e11E4Bb5F7aC776673469,,,,,,,,,,,1,,,,,,,,,,,1,,1,1,1000,1710867658,bafkreiezbxmj4m625a2l4yxsl5w4vy2hnli4g2wfuj7kn5iolsfeptqr7y,""
0x5d47e5D242a8F66a6286b0a2353868875F5d6068,,,,,,,,,1,,,,,,,,,,,,,,,,,1000,1710867695,bafkreiekvym5qa5c4ruj6qsbatdqnyejl5ozhx6ihnzy2jzvheexjszyei,""
0xDd31dB93082a3A71b98D37ba26230f8734Bd63C3,,,,,,,,1,1,,3,,,1,,,,,,2,,,,1,1,1000,1710868793,bafkreid7ieew7m274okwcmglxn3lr5zvzemk6lgb334hyw2hxun7ickxaq,""
0xCa144Bc972E07ac38c6d68542C291cfDCEF2b31e,,,,,,,,,1,,1,,,1,,,,,,,,,1,,,100,1710869539,bafkreia767o47vwa37lldy5cjxidcjyjz6nmmxwgm4tmswlvshudvx256u,""
0xA19947DA8B916f64Ac6F362cEC9001D8BCBeEe93,,,,,,,,,,,,,,,,,,,,1,,,,,,100,1710875611,bafkreide5odj264nlzjysj5zi3kj7wlcjyhc5drpyh6g27qqx4opq4r2ju,""
0x731A2e51ebfAeBacF8477E992CDEB1E8eacf519C,,,,,,,,,,,1,,,,,,,,,,,,1,,,1000,1710876900,bafkreigho5rd2o4hvezlv5nijfdnl2p3fiqcmqrqhytliwgal36ytawhbi,""
0x4831DdB6502ca45dbEEDf58B47292061Cdb6050B,1,1,1,1,1,1,1,1,1,1,1,1,1,3,2,1,2,1,1,1,1,1,1,1,2,100,1710882303,bafkreiftcg63pzumzbvvf2vetmah6ghhdk72za3jbkqadyblhx34i63kpa,""
0x752a1ec2358082D1e648e4FdaCcc41d321d9Ff6B,1,,,,,,,,,,,,,,,,,,,,,,,,,100,1710883501,bafkreiftqllxmwggxengsb5xwkfmpgecu46fwylgp72xxg5522ajlq7ovq,""
0x051010142A0B9de7F0Fd8fb31d085407287F6381,,,,,,1,,1,,,,,,,,,,,,,1,1,1,,,500,1710885178,bafkreift6qanin2povjzzwkrzjxu3qjv52ctdepabochnaefnvcooz3vgm,""
0xad7575AEFd4d64520c3269FD24eae1b0E13dbE7B,,,,,,1,,,1,,,,,1,,1,,,1,1,1,,1,,,167.11934866554492,1710885554,bafkreigbavefo6tsdrrnscwf3or5x322snhpftqynqftdpexshti3fim5m,""
0xF95D9549b3Ab9470d306a6413Aa45082e8B66043,,,,,,,,,,,,,,,,,,,,,,1,,,,500,1710886561,bafkreicgmbislisirbsd57dszqewuqjymcc5tgw6himn7qkded5jxvbkre,""
0xA906c85B7e809b79c5e69d485693B44d65B1B252,,,,,,,,,,,,,,,,,,,,2,,,,,,1000,1710887792,bafkreibe3sv2ay32ll657jsoz5xqyeve52rfbmi2qpbsis24y7s3oeb7zq,""
0xc4F91CDd498A30f8ed1dEa3883Cba314a7A2a022,,,,,,,,1,1,,1,,,,,,,,,,,,,,1,1100,1710890067,bafkreiew3idnh7ddkf7tye6hp5qa5gwzhrtjbhrmesrxj33jddnvsp5uau,""
0x92b52e6441A9e2E03d080E951249d93dF222f855,,,,,,,,1,1,,1,,,,,1,,,,,,,,,,10000,1710890687,bafkreia5t7bckoc3jztrvxbnxnud44drytycxvo3gggjsmiwp4jdvwx4yi,""
0xF3Ad97364bcCC3eA0582Ede58C363888f8C4ec85,,,,,,,,,,,,,,,,,,,,,1,,,,,1000,1710892029,bafkreibkceyvodiromgueoxu7hintvqcbsoqmjiwkdxklcfe5eledhilr4,""
0x0D2349e291A9e0Bb755bFFA4097E6D378A72330B,1,,,,,,,,1,,1,,,,,,,,,,,,,,,1000,1710894105,bafkreiex52odgw3nw5vpsrsqgme2z3ylqsikfklut6ykpqthogoe36t3xa,""
0x66805D8B82664Acab4CbE0C0498889dDE9aF7841,,,,,,1,,1,,,1,,,2,,,,,,,,,,,,1007.0989340889162,1710894158,bafkreiaakf7zdw44wpozfi3ccaejbe3sxiulaogcurmi2ysdgb6tia5dny,""
0x41fD941BB20990B5BEc8CB424f19397254707981,,,,,,,,,,,1,,,,,1,,,,,,,,,,517.60815935,1710899655,bafkreihk2kgsifcwc7jsnwgvvqg3zhqoe3kqaxnwy534wzfn6uoum52b24,""
0xeeE844540644b204f0005c063Ae95F244BF06a84,,,,,,,,,,,,,,,,,,,,1,,,,,,1318.2182269,1710904718,bafkreief7q6jp4baevplvxalsnubbxtxauhsbzj2ufnxqoh4otej7xz54i,""
0x104AF6c440D274a4abCb353c0Ab85DC2f911e074,1,,,,,,,,,,,,,,,,,,,,,,,,,100,1710910789,bafkreidxu5njntbu2djw5wfrcvc2qccccgnfehgnwkf6nxb5vb4dfakcz4,""
0x43e65F8116174d1c38Eed3545d21fC37ea34B565,,,,,,,,,,,1,,,,,,,,,,,,,,1,100,1710910867,bafkreigxtfz3vmbzzsccigspzchzeqn6doukt526ly3bvvzhziccen5hpa,""
0x2df292AF809Fd693D94C7D17E36BE352e15Bb98a,,,5,5,,,,5,25,,5,,,25,,,,,,5,,,25,,,1000,1710911246,bafkreibguislm5ctxoemx5kblmljbpiilmurx2qzexkluo66ythnw4xkdm,""
0x841AD0AbAb2D33520ca236A2F5D8b038adDc12BA,,,,,,,,,1,,1,,,1,,,,,,,,,,,,133.7,1710911425,bafkreigj3vxw2ovyeurru6jtx6nbxpcdsd6hladzyyvyai3n2k5dphjzme,""
0x12846A6Da4e729a6B5c33d32F93bf52EE3CAe8C3,,,,,,,,,1,,,,,,,,,,,,,,,,,100,1710912836,bafkreiera4tkhaly3dkm3jtecruje4ylmhh2uxufeml7semnonhrmfq2pu,""
0xCA119907Cfd60C35E8EEDCf99B1dB01eF8c179AA,,,,,,,,,1,,,,,,,,,,,,,,,,,110,1710913125,bafkreiadzedezl7zqvcvhzky7dmyz7obplqsv3tcrar73wltpdifkgfote,""
0xC3d43f8E008ccFf959101b8d0d26562e84d2B204,,,,,,,,,1,,,,,,,,,,,,,,,,,110,1710913183,bafkreic46kw46slkmi4f67mgw73ukiqo4mghl3cp3lutarcfci6ljdlr7e,""
0xB9573982875b83aaDc1296726E2ae77D13D9B98F,,,,,,,,,,,1,,,,,1,,1,,1,,,1,,,1000,1710913806,bafkreigkqxrhq2vgnwqzaos35u6y2tgcnpcmaaep4dtizzf56s7keweeyu,""
0x16f3f2f0ba34973937A1ebb989a295Ca106b67C7,,16,16,,,,,,,,20,,,16,,,16,,,,,,16,,,1000,1710919814,bafkreie4hk63ddfmeb5mredfkj47rq2w5osd2ido3ftvw67ho4nc6tk3ea,""
0x7E52082fd8ca9025E7E2C4Da3fc7C4FeF9Fd9706,1,1,1,1,1,1,1,1,1,1,1,1,1,1,1,1,1,1,1,1,1,1,1,1,1,100,1710920264,bafkreicjkwzourfe5qdkxif2im7nqrp2cqxev44j76thvt5i2m47ypbdy4,""
0x841C11b14c428dd591093348B8Afa2652C863988,,,,,,,,,,,,,,,,,,,,1000,,,,,,1000,1710920618,bafkreihgc7ekl6ahocfnoyssc5d7gusyltiqznr4bqw66n4hbm2uzudtn4,""
0x3bEcE46eA4cb308b1B8D8f50cB1728D6A4a20808,1,1,1,1,,1,,1,1,,,,,1,,,,,,,,,1,,,990,1710922750,bafkreif74b6y4markl23os77g77xemwiyj7od54gghxys5prdtltue3pfu,""
0x4506568E4733F3062CfA9cdb952Ba7904Fc7d8bb,1,1,1,1,,,,1,1,,1,,,1,,,1,,,,,,1,,,999,1710922852,bafkreicwz635mq3s2kvf433vpanykjolyck5yqwagxkut7ozr6ylzq7uc4,""
0xc42c77b6B2A2B220b9502F357bBf51334Db3C93f,1,1,1,1,,,,1,1,,,,,1,,,2,,,,,,1,,,990,1710922916,bafkreigws3kx5vl63mamokwrkbarnyll2lx6kygoljht3gs7r7udfwnyeu,""
0x8D247f4Fbbe81429d3D164a5c9Ae0063210edBdC,1,1,1,1,,,,1,1,,1,,,1,,,1,,,,,,1,,,990,1710923793,bafkreifwfybgg3pijjycffusamikhpoc2dgh2i6umi4gtgvfc747ow5bxm,""
0x1D45c8fa65F6b18E7dAe04b2efEa332c55696DaA,,,,,,,,1,,,,,,,,1,1,,,,,,,,,10331.401598510885,1710927505,bafkreibos2oyvc2tujsgthsnwmi6yb3zqybhlhxzwprnxkus7672do6vve,""
0xC2812325caD4C4C782CbbC1164e9373371D31dB2,,,,,,,,,,,,,,,,,,,,,,,1,,,200,1710929245,bafkreidmck2vyeyyxokdn77x3ee3cyzpv3pqlwjtpppe2oyspduns2g3de,""
0xBc6d82D8d6632938394905Bb0217Ad9c673015d1,,,,,,,,,,,,,,,,,,1,,2,,,,,,46166,1710929794,bafkreieurvh5uebzubhk3orlwscc5rw3ixi2dn566c46og5owitxndhwyq,""
0xDc9C5e34959eC3643AF1e1D34A83D6b251AAb1eF,,,,,,,,,,,,,,1,,,,,,,,,1,,1,108.5,1710931360,bafkreieu3c4qgaigs7is25lmbwjtijovbgvopyvtkq42kmymp76evlusdu,""
0x40DE3299Bd8a10D8Ac3f32C1A55DE40640cF9B75,,,,,,,,,,,,,,1,,,,,,,,,1,,1,107.83966650182309,1710931756,bafkreifcqcrb54nhh6hhbjplevcf6wzbr6vw56r7r4glvdr2fgkh3wwpja,""
0xC33F87697EF41e0E95e7a55d1ec8180F04088578,,,,,,,,,,,,,,1,,,,,,,,,1,,1,108,1710932175,bafkreiatexajp5mt4uskwd2cfltzeqrixevlijddlanibana6kh4iujftm,""
0xCBc924183Bc32D02746Fa8D38843B5Ce08662eB4,,,,,,,,,,,,,,1,,,,,,,,,1,,1,104,1710932545,bafkreih7o77x6rzul4fsnkutsc3wo6h7p7xuo7uxglebbimuchebkhf27u,""
0xB68da7fbF71383Afab240839287878539cFFf20b,5,,,,,,,,5,,,,,,,,,,,,,,,,,1000,1710937227,bafkreihrmrycxgbxebp3r6lxwmrmhvd5plzslvndftrfnayobmxthjkh2q,""
0xfE1552DA65FAcAaC5B50b73CEDa4C993e16d4694,,,,,,,,,,,,,,100,,,,,,,,,,,,339.08547415,1710937472,bafkreihmz2bezastxgnhpyx3655meqr2rnebhueta2o6zieb2wvzp7dtju,""
0xaCE1f1c6c5c89AE3Fc3209ff92e7120fb74445aA,,,,,100,,,,,,,,,,,,,,,,,,,,,1000,1710939171,bafkreiad2alcfmkan6j34cjjipi4tkgwr57fksxem74lvfbmr2ks5kkl7e,""
0x015122A625b45f68E6D795C0Ab99fC7107e4c3B9,,,,,1,,,1,1,,1,,,1,,1,,,,1,,,,,1,1000,1710940138,bafkreifslx6lekwbylxh3wyan3luvg3kmz3or74nujkhwsnrpmutahnraq,""
0x85BEad65c61dB8cF230b3ec30552B8b3E6388570,,,,,,,,,,,,,,,,,,,,1,,,,,,500,1710940191,bafkreicw3llrs7jiglkeyzyk42cfzpjclmd52fn626oigcvjab5nevzcte,""
0xf9e1D1e9F22c96752356AdFd377231528c7E851E,,1,,,,,,,1,,1,,,1,,,,,,,,,,1,,1000,1710941342,bafkreiadsmll3le3fm5s2qainnrhjasxpgfk2lltsrnxg4ijajwhzh2wjq,""
0x5a5D9aB7b1bD978F80909503EBb828879daCa9C3,,,,,1,1,,1,1,1,,,,1,,,1,1,,,1,,1,,,5000,1710944551,bafkreifx6syl4vqvdeas4lfzb6elemdtvktlwppdyqqq43w3mmnh4mn2aa,""
0xBB5935dAaFbacAE82c8D2CA8377F16073D70061a,,,,,,,,16,,,20,,,17,,,,,,16,,16,15,,,1000,1710944981,bafkreih6jfjdvh44e76th7hpacianskbfykaf3hg6s7kgfr2r3e5qthe2m,""
0xFC967DE4e029fdcD16B418DaC2147d282C93085b,,,,,,,,16,,,16,,,16,,,,,,16,,16,20,,,900,1710945567,bafkreidcxulmqmel2mgja2ixlzbhxoihss6rhou7m3254xum576tcr2mny,""
0x801a6d6dBC1e40466E131aA21D951629A9efAB4e,,,,,,,,16,,,19,,,16,,,,,,16,,16,17,,,1000,1710945867,bafkreiai54zoyg7esfe4bwljmlav7gxw4l72opjdwhjtqybzysawfviv2u,""
0x4892139De0e73141438D9E55D593171C0Cc6B143,,,,,,,,,,,21,,,16,,,16,,,16,,16,15,,,1000,1710946102,bafkreienxrmlbg3ave5vvrxzdh26dgqkvfpqqcz4etqdmgq6mqn54sn42u,""
0x9Ff46343d0b652D6e766F85f9aE91653869349a5,,,,,,,,16,,,21,,,16,,,,,,16,,16,15,,,1000,1710946430,bafkreihfhbad3m4fjjdxoaj5o65vk7qrhlirzt6kgdiusbhlrpzgmukxba,""
0x297Aa50D0557c865F6C9B0AA0a91f41C26E55eE6,,,,,,,,16,,,20,,,16,,,,,,16,,16,16,,,900,1710946670,bafkreig3yusw57r6hg27vpne3h4hholkys7rloxjkhxcdrlhxjevrbyu4m,""
0x0B3BD83E857997b370FaDC8504fB712244F6786C,,,,,,,,,,,22,,,16,,,16,,,16,,16,14,,,1000,1710947042,bafkreihsnhghnfrksytx2m6ii4cuxt2eeqs7cok6mctqzyyms3oyo66f2i,""
0x4e9A05226993F094A56A3472C8c816F2599423A6,,,,,,,,16,,,19,,,16,,,,,,16,,16,17,,,1000,1710947280,bafkreidxh7b3xptzmikjdve7enywmzeaapwd6vkudo4mdhpgqzjbyrceeq,""
0xba84B5cA750b33DfAdDBFdD1B7C6887885a34977,,,,,,,,16,,,16,,,16,,,,,,16,,16,20,,,1000,1710947517,bafkreidhchd2644ni7ghweq2imckv3gfw6kai23h75a645r3u2j2trfbxm,""
0xb150c9bEd10a8C62997d58a81c4e1fA75160643e,,,1,,,,,,,,,,,1,,,,,,1,,,1,,1,1000,1710950977,bafkreiaep7urwjjupb2l2hqb3uk3ojbjshpjzn45v5ojj7tv36akblrjqa,""
0x212647c56BA10ee429a838bc567dFb03A8D054Ba,,,,,1,1,,,2,,1,,,1,,,,,1,,,,1,,2,1000,1710951347,bafkreib2rrirtgrzvikph3oae3axm7cqvyvhsltmgkcreqdan74zih7qle,""
0x826976d7C600d45FB8287CA1d7c76FC8eb732030,,,,,,,,,,,,,,1,,1,,,,3,,,,,,1000,1710951733,bafkreichlpy3mvvkryd5mqjkqzxhyvglhnddzerves7rgclj4wbm6md7di,""
0xC46c67Bb7E84490D7EbdD0b8ecDaca68Cf3823F4,,,,,,,,,,,,,,,,1,,1,,1,,,,,1,1000,1710952457,bafkreibf6lkms3ah3rpzz4tm5gemdf545saiqbaacibcdtvykg53zwklfi,""
0x33878e070db7f70D2953Fe0278Cd32aDf8104572,,,,,,,,,,,,,,,,,,1,,1,,,1,,,5000.616987324351,1710952526,bafkreihg3luz7setf76umtctwhv47uvufpddimencmnmfjejahxvgullmu,""
0xaa79B87DC8B046A5E4f7D03F1562D7fe5BF98737,,,,,,,,,,1,,,,,,1,,,,1,,,,,,1000,1710954353,bafkreid6xjli6hvxio2t3aytkjksnlluh5h5i25hmi7lqe3ccyj3kh3sae,""
0x2dd2036C9Db2ADA2739509AF0047c00C8b9291EF,,,,,,,,,,,,,,,,,,,,,1,,,,,1000,1710954937,bafkreif2s6lyrqxgn7s2bxtfll6mcstczmdkfpfffftvndzrlfqr4i7a5u,""
0x3b6CCE32ba37fA5689Fab313371Dcf044ECeF536,,1,,,,,,1,,,1,,,1,,,,,,1,,,1,1,,1000,1710957424,bafkreibru4mcusg7auuuwzncj745mxar3dyf7to2237bql7li4bxk5luri,""
0x9Cf251A782cE7310D5bec0fe0a1C2B826d962545,1,1,1,1,,,,1,1,,1,,,1,,,1,,,,,,1,,,3230,1710957905,bafkreiadwgq4zptszasehdgq2u6afuqw2eicp4g4h7ihgqxap2lbk56u5u,""
0x1cB82ccbB3965E4df7C446B44c20F90B1c6CE9B2,1,1,1,1,,,,1,1,,1,,,1,,,1,,,,,,1,,,1000,1710957952,bafkreibpy6hpdt3knwvg23p6a52i4yhmjlyuuvjt2xqqzrmyoay6ibcycu,""
0xC6E18DE9930a1B90F339e09c574a4123c3EAcE83,1,1,1,1,,,,1,1,,1,,,1,,,1,,,,,,1,,,1000,1710958004,bafkreiex7onngzbbl2ov6zgkk7d2ddtserxt2h6zi3z3hakamsqvevtjlm,""
0xA73064A00512aa5b6B9119cB4Eb3Fe3229269993,1,1,1,1,,,,1,1,,1,,,1,,,1,,,,,,1,,,990,1710958037,bafkreihy2c5dtnhxvfeudb23fbzu7xxvwxel32g6h2fysz37b36r4iprmi,""
0xC8Ddd59c496D04C4C060Ab5038d03d661DDC2617,1,1,1,1,,,,1,1,,1,,,1,,,1,,,,,,1,,,995,1710958092,bafkreiaxdnmhmq3boivbwrwsud2w5bcc3ijnullilsqeosvgbn6srlihhm,""
0xB986A0263b045b45765DAD38a000334c1e10B6D7,1,1,1,1,,,,1,1,,1,,,1,,,1,,,,,,1,,,993,1710958174,bafkreiflchxipghojl4eymegpwmjta4l337o6je47bkgdnndx3eoctimpe,""
0x2615214F8200B526a7B1eACe03971F2672B48CF2,1,1,1,1,,,,1,1,,1,,,1,,,1,,,,,,1,,,992,1710958264,bafkreialvrutnflojg2uwciwkoc3oi4yun4ywfhuzcoa7hy6hp3ros7p7e,""
0x23ee51e614cBF138e4cAbA9EC5ed4fF7D27A8596,1,1,1,1,,,,1,1,,1,,,1,,,1,,,,,,1,,,995,1710958305,bafkreidexiya7kgwk4xoo2ao4vhbby3ygbxwdf3wdsjyw3276yfus42soi,""
0xCaD3887923B39cD2b0B6d13538C4ecB7C5EE9825,,,,,,,,,,,,,,,,,,,,1,,,,,,279.93508564400724,1710958422,bafkreidhkya4alenbo6in7lh6djqbpfvxjmvr44cki7e3kshpfyx5didoa,"ReFi is web3's ultimate purpose"
0xE0028eAe12C1D85e0131BA98f4079E43E4A6B289,,,,,,,,,,,,,,,,,,,,,,,1,,,30.65725331,1710962905,bafkreigrtm4bqbpoe3ahicl5gsfal4cihrzj2bhizt6bdl7tmps6nivqcy,""
0x48b576c87e788a762D6f95A456f2A39113b46950,1,1,,,,,1,,1,,1,,,1,,,,,1,,1,,1,,,1000,1710965818,bafkreigm7wdxkcgyrf3tius5majojw7vovm2xhgmi3xy5xsg4gaof5ehuy,""
0xFef75B27d4Ae3D5228bCc2912f9CdCEAfe5f82E3,,,,,,,,1,1,,1,,,,,,,,,,,,,,1,1000,1710977205,bafkreig23l6thkmsyexdiy3ebys7p6ty4utqdjefgoiyrpdlf6xpbqrblm,""
0x9AE494FBAc34682c122A1D4e3D6ae1Eb5404A469,,,,,,,,,,,,,,,,,,,,1,,,,,,1289.2077755046655,1710978984,bafkreidg6n5jytmryi5nfbfwa332bjxswuhuwa2bbjdb7tekrpjidfu2zy,""
0xe64113140960528f6AF928d7cA4f45d192286a7a,5,5,,,5,25,10,2,10,25,15,,,25,,5,,5,,25,10,,,,5,2521.520735621896,1710982499,bafkreicgypit74x4gopc4u3gna653nagemkmxilmuzss7hcl4cwit5echq,"So many cool projects. These are the ones I know best, I use and I can attest for their work"
0x5d9fbd984B9CeC714a4B14c38Ea83bBC82d06d69,,,1,,,,,,1,,1,1,1,,1,,,,,1,,,,,,500,1710985320,bafkreiahmvle3rvy75bykxfezu7xi3h5raol2tsbufold4tnbgc7mknswu,""
0x1d44404C1C53991Ec33095225da173d544Cd4Af3,1,,1,1,,,,,1,,,1,1,,,,,1,,,,,1,1,,100,1710985433,bafkreif5xylq4uiruvuuy4mgerhjkx2vo64yrgdkrtauwbtv2moyc2i4f4,""
0xC0891e8FCeA09680BFe9170809fad1BCCa10b96b,,,,,,,,1,,2,,,1,,,,,,,,,,,1,,238000,1710988329,bafkreidyt5snnsn7xbspmjla7fv4oobza5zrzjdrm3ehgpcjjfnziex2la,""
0xf5AB6B4a8d578807491ef59cE855982990932617,1,,,,,,,,,,,,,,,,,,,,,,,,,102,1710999885,bafkreidui7ghcpkxv5tiyy7m2nuve4ioue3ye7pbkp4lucxoybdrwef6cm,""
0x8e30Dc2AEF957B1F7dd67B1b7bC651fFe7E17a06,,,,,,,1,,,,,,,,,,,,,,,,,,,101,1711001340,bafkreif7qj7ekk4k5ovchuaizevy5wqpbtgoh4ccw6jwrmevlr5p2ghyom,""
0x2cCbbC4c10F5d807FDd447219B57D0b883a28DC8,,,,,,,,1,,1,1,,,1,,,,,,,,,1,1,,1000,1711004550,bafkreigl2nwfhsepuitqvhgctmz4krdel3ldtaztogtw63vnpfjnddxtsi,""
0xA8776899d2601A59A94e3Aa057Af778b8647F85C,,,,,,,,1,,1,1,,,1,,,,,,,,,1,1,,110,1711004824,bafkreiajztipr3kuypdwq7mn7ruzwdn53sfbvwzkbacoqhhlu7gbur2lxy,""
0xb2FD1fF783E179144374d478436D6f2bb297A06A,,,,,,,,1,,1,1,,,1,,,,,,,,,1,1,,110,1711008025,bafkreib4rt6athjrqh2szzxbqoaorm3xyvkrqrhep5lombod5ht7j55ray,""
0x1e3832d739CC563da1a98D0e3ff903E49baba86C,,,,,,,,1,,1,1,,,1,,,,,,,,,1,1,,110,1711008026,bafkreibtewoai4xbhjkjprpblst5mnwfvadgwkvajj2s6jkcdlfb6fbm5q,""
0x4Ea8e77c5812E15ce572Be6Df0715B80a069F420,,,,,,,,1,,1,1,,,1,,,,,,,,,1,1,,110,1711008026,bafkreih27c6hf3evsgujusrjuxodqh6jwywsnfazjxhef2rwgfuttdpdvu,""
0x869D091c2C558810CB22a210c6A7f964898d72a1,,,,,,,,1,,1,1,,,1,,,,,,,,,1,1,,110,1711008027,bafkreieiaemychd5lntc6pxrlrilxdenafmx3qx6m2b3pscnv6fevwkgam,""
0xCf544eD05e9c29C3Ea3335111739E21D98945260,,,,,,,,1,,1,1,,,1,,,,,,,,,1,1,,110,1711008028,bafkreic7smf7i752bapaamdkyn3zyxg7nzzfxtcx7pja33ude6weo2px4m,""
0x9B6F53D2beC7416722412a8d1e48aa3bae84325F,,,,,,,,1,,1,1,,,1,,,,,,,,,1,1,,110,1711008197,bafkreidzwc46igvls2y3r5p6k74zvqdwnabhpdjy5l42y3tbjiqyqhu53a,""
0x642C0b9EdDD83dCFA735976DD1cC844C0B1204C6,,,,,,,,1,,1,1,,,1,,,,,,,,,1,1,,110,1711008198,bafkreib7xv3uayd67da4tw5sdhlxdovgu5ugoeygahdbykmqcwslsxeluq,""
0x10343B076E2bCac3A66dC7e72227c6591F5B7df4,,,,,,,,1,,1,1,,,1,,,,,,,,,1,1,,110,1711008199,bafkreialqg46k6ty3nqoithvqc4no2qe7gwebylhpxy4znikzvdporno7a,""
0x0aCC85d306d141ddF6AdA4622f1854422Cb542E6,,,,,,,,1,,1,1,,,1,,,,,,,,,1,1,,110,1711008199,bafkreigk3ei67zc6uuq7zlutpruffzduutswmtqxtputkfzjiijmtyipvi,""
0x7a62729d31945904DeB5CDd646532e4683ed70C0,,,,,,,,1,,1,1,,,1,,,,,,,,,1,1,,110,1711008200,bafkreiechtlw3ehrp4l57gbozikx5n3ae7tmnynojxborqqn5hafls3guq,""
0xC1f5bB071De011206781c71A8EebEA7aDA8D0df3,,,,,,,,1,,1,1,,,1,,,,,,,,,1,1,,110,1711008868,bafkreicq3ttlcfx72n7vcsihjiuzmojvkl772ef2zoqo2fwi66paetsfea,""
0x387C4CC5Cf37E917d307c957eAF7E5227e1bdaaA,,,,,,,,1,,1,1,,,1,,,,,,,,,1,1,,110,1711008869,bafkreidlxafa36a7hd2dsgvkgrjobnueopvmvlsb6shvlkvvic2ljixaum,""
0x8DDB01727E1b4E870d2d5643E653b74Ca552dBE8,,,,,,,,1,,1,1,,,1,,,,,,,,,1,1,,110,1711008870,bafkreiby6flx3lfpo2sofvhx23vbi5ro4mosf4vs2pvv7ooomuo45vicc4,""
0x84c9fAC77e6909450A625cbf11d1bE9aDDc62E77,,,,,,,,1,,1,1,,,1,,,,,,,,,1,1,,110,1711008870,bafkreigrzxjfss32f74nl5iocidugwzrutbls4asawo2rvjq5hodvdjiye,""
0x3bC3Dfa9ac77c38Bb24f4283D9189ED6387158D1,,,,,,,,1,,1,1,,,1,,,,,,,,,1,1,,110,1711008871,bafkreiefmmhwhi6mrnsi5hljbztfbh5bv6uqpoyvxz3fua2odwzibeg2lq,""
0x1eE45e962aF18A7a7BF3200D561269174B7B3b1c,,,,,,,,1,,1,1,,,1,,,,,,,,,1,1,,110,1711008872,bafkreiftlj4jvej7537jzamaonfe3qwe7xtmbjvc5x4ytiaddxas4men5e,""
0xe7EaC2cb20079752875bC1c498cE53A5ED025aB9,,,,,,,,1,,1,1,,,1,,,,,,,,,1,1,,110,1711008872,bafkreicekggegcu3zexwnf6qeuknm42f72u25eq7zmpjjodpfmtycqguzq,""
0xEc3F542313Ac266968Ce61A2e4e33B95DBEE7397,,,,,,,,1,,1,1,,,1,,,,,,,,,1,1,,110,1711009012,bafkreibfplmnemwjgze4cssjscc4vksv3jufexcra5yxlurzz7qxwgjubq,""
0x9030352e478cB1AfCdf7235f806a3A13Dc963d52,,,,,,,,1,,1,1,,,1,,,,,,,,,1,1,,110,1711009013,bafkreifqk7vhlll7g5d3ztqtcccblnqhtge2fee5p4mternlt3tfhfkl7e,""
0x44c0FB885DD9f77693B44704Dc40c4e31a308EEA,,,,,,,,1,,1,1,,,1,,,,,,,,,1,1,,110,1711009013,bafkreibodrtqjtuulhbblzehoty6fqxpbz2gocaqcq6sbrznn7tndsptnq,""
0xB4C8737DD9FD2A50f201ce2494d74C2c9bcA3BB5,,,,,,,,1,,1,1,,,1,,,,,,,,,1,1,,110,1711009389,bafkreifqjy6jjzy4giwbt2gejblnigddgyydulixfiz37uj3e23dfgtsqe,""
0x92af24fac1326517Ce2E536E2AFAF72419103422,,,,,,,,1,,1,1,,,1,,,,,,,,,1,1,,110,1711009390,bafkreiaxjfbqdgfjxr47romdrxvdbrin5miexptahqiyeruozsigfqyfei,""
0x6cAb1406d2e04Cc3B442f7d585a85bACfb07Ac6b,,,,,,,,1,,1,1,,,1,,,,,,,,,1,1,,110,1711009391,bafkreidwvmikp375dziivddmujvrx222h4f7accttpjz7o5nwjkfr44mau,""
0xAb1C327651A974890A21D79fAC2C6150D44C3d10,,,,,,,,1,,1,1,,,1,,,,,,,,,1,1,,110,1711009391,bafkreicgupkuwby63ld25t7yruc77zb57pmajodyncqgpboz7b77hvv2zm,""
0x76e10E91772c99B862ff005B7fa934322d0c3Df6,,,,,,,,1,,1,1,,,1,,,,,,,,,1,1,,110,1711009392,bafkreifsjk5msqh4dcidktou6oqiyptviyq2pvxqgmdumvzsqua5pwomne,""
0xc0373876C2Cc38fC2f75f4dB8bF5D973fA4D7E29,,,,,,,,1,,1,1,,,1,,,,,,,,,1,1,,110,1711009393,bafkreife4h5hytunp5r3hnrxrnosrmdgb4zysvdcxc55leqopqmjc54ks4,""
0x3C01c79bf796196E1D8CCB6e486c6d246f4a48A8,,,,,,,,1,,1,1,,,1,,,,,,,,,1,1,,110,1711009394,bafkreidinj4p4cvd66n7nvimp3vzrc56v2etezw6snrstump4paew5flr4,""
0xCBa6f488f384BE185fE2cf77915c3d7a3E9d5C57,,,,,,,,1,,1,1,,,1,,,,,,,,,1,1,,110,1711009394,bafkreiduhjjdy7szjsif33dmfavlrp6atowkn5wqbagook6qdqpfjcof3m,""
0x9D5B61A09065622Ac073FCEbd8058121FC34F755,,,,,,,,1,,1,1,,,1,,,,,,,,,1,1,,110,1711009396,bafkreifsle3opiwuwm4bgeu5idjqialaks4vhi3v7hin5hrslvh6jqh6w4,""
0x65CbB0D8DaE3D9e0145eF4ed72b6e9e8367fC1aF,,,,,,,,1,,1,1,,,1,,,,,,,,,1,1,,110,1711009396,bafkreiaom6yaorofewp5fqtc5ifokpuyw4t7wvjxx67vqr34rmbv267jui,""
0x71D0c96d7f574D1a734F5803a8f1Ae839AA7a5D4,,,,,,,,1,,1,1,,,1,,,,,,,,,1,1,,110,1711013752,bafkreidbxnsjdo3b2r3zhaef72p7pv6mc5kaeugfv75vv7dwlsonmos2wu,""
0xC19C63d295E19D8E3Be7d4fD32b6E29105BbAcbA,,,,,,,,1,,1,1,,,1,,,,,,,,,1,1,,110,1711013767,bafkreieigszfyon7yddlgkni4zyztwkjn5tjiwrowe2l23ioujhk4wowyu,""
0xf7a3bc9e0962E15a0a4dD5260263CF0DEea0808A,,,,,,,,1,,1,1,,,1,,,,,,,,,1,1,,110,1711013782,bafkreiegpq2n4oay2vfnlfniwntv2ko34lwnj6gmkxepnrdrp4dnkx4hly,""
0x9052d9d9e30AFA79a8445b25AcFc6141B2075737,,,,,,,,1,,1,1,,,1,,,,,,,,,1,1,,110,1711013844,bafkreiabzlkhz6vzk46ligskym55lr2ztqimfomzytgjkl2vchmzft24dy,""
0x9BF829EB2Dea8109B098353e7c91629C7FC77F2A,,,,,,,,1,,1,1,,,1,,,,,,,,,1,1,,110,1711013860,bafkreicen2lnejpzd2wahcjqhc2rkhfxuxdrg6734rmqwuwwbfyudfhycm,""
0xEa8cAeb4F367844EeC65FA917cE10A91Ee3e69D8,,,,,,,,1,,1,1,,,1,,,,,,,,,1,1,,110,1711013872,bafkreihidsxjctjjzmwuxlaxqjwfkuzvly6wtsdeyk7lpf2v3mrlgxpue4,""
0x8C2B3e9946f57820CB2f11B30ce8010F8a74e8EC,,,,,,,,1,,1,1,,,1,,,,,,,,,1,1,,110,1711013888,bafkreier2i6stkmp563rzuj4z62u2nylnhq7tgzw5mkoof37ad6asnzitq,""
0xf2c601710CEDC357b752408b7E5023B84819F953,,,,,,,,1,,1,1,,,1,,,,,,,,,1,1,,110,1711013901,bafkreicl7bncdqmzitqbf6xt5mhi43ysboe5y7qqv5mbjnbtae3x5wfskm,""
0x93F38a40e451B17BE5Dc88898ece26c43a75B1C8,,,,,,,,1,,1,1,,,1,,,,,,,,,1,1,,110,1711013915,bafkreibb4bdhnmjpyrpxs2ydns3ydre5sbgcsay4phkf6puhwjxncbluqu,""
0xd3FD8a8c4ff9C06C796D21658C6a1fCD91b2E1BB,,,,,,,,1,,1,1,,,1,,,,,,,,,1,1,,110,1711013938,bafkreic7x3qf5pfuna4an42uacu7rn6ytv2bggvf2h7xtbohs73tgtrqmy,""
0xE2e464938c866203228aca1603c77D0279bda31D,,,,,,,,1,,1,1,,,1,,,,,,,,,1,1,,110,1711013956,bafkreibtk2ayjux7polca36ug7vxgrr2udgdvjcjezq3qpwecer3u5765y,""
0xac176d9A8DBae960E7b539f4a6E16aD9003Ab37A,,,,,,,,1,,1,1,,,1,,,,,,,,,1,1,,110,1711014279,bafkreicx7ac4ympkqqcxvi5kklwmf6k6bv5yrps5wd36abcqp4zqvrjlu4,""
0xf48478f4d08387611Ec93FA8b25c5E1aB80Cf122,,,,,,,,1,,1,1,,,1,,,,,,,,,1,1,,110,1711014338,bafkreiehgkkigtcv4xkxgi7mcpfpp56lpanpimlrjzldv7mclyvef4trka,""
0xaDD7B1E78f0E59d96135C5240E1175D5A7DC210d,,,,,,,,1,,1,1,,,1,,,,,,,,,1,1,,110,1711014520,bafkreiduqtdyzwrxg7jmk4r6dwm6fblkynoxw7wqjorahxebf5oq3jri4u,""
0xCfF9d27EbA4b7FFba8E9d33fc3F894cb095b54F7,,,,,,,,1,,1,1,,,1,,,,,,,,,1,1,,110,1711015140,bafkreibbe3fqfemcjqunxvrchjiodzdrec7bwgyoodde2rymxsyedaocae,""
0x080B0a14D0D84Cee92ad2eDc8a69e494C842a6a5,,,,,,,,1,,1,1,,,1,,,,,,,,,1,1,,110,1711015151,bafkreid6gdbpwy3llysr25ytq2x2baf2t7ul4kcrtmdgymo4ao56dsrmme,""
0x7E5F476De2886bb37ed92cEC195cB9Ce311bfe50,,,,,,,,1,,1,1,,,1,,,,,,,,,1,1,,110,1711015155,bafkreib4llcwolibn3tz4trn5e5qjjt6q2yin76ri4rb5kq2cquvr6aj7e,""
0xEF96945175b17D7C13f5E534f6953Fa94f0b7695,,,,,,,,1,,1,1,,,1,,,,,,,,,1,1,,110,1711015158,bafkreif6yjtfawb6vdnxjnc6f5vpp43qufdezoyz4vvkaxgpeexg2qlnpa,""
0x3fe4A67c56F2899c878b05Af8944398bbfA85156,,,,,,,,1,,1,1,,,1,,,,,,,,,1,1,,110,1711015165,bafkreifteeebcyvtnh7p3fx4xt7zshfbefnvfmwcee4sedq6d6ptnbyadi,""
0x3AfcB2b25ce7C76C15Bb4C4c43780f76b6181479,,,,,,,,1,,1,1,,,1,,,,,,,,,1,1,,110,1711015171,bafkreigmlihzx2ycrhbd2ja3at3i2qfpk3g7djsaoo56j6wltgquh736we,""
0xcDEc2C8682840d593CDb221634C16dC6acA77Fe9,,,,,,,,1,,1,1,,,1,,,,,,,,,1,1,,110,1711015174,bafkreicxaxvr2s2xu3fsiu6exa2zejjlnwjbucyc3d3zfcboesqvby7xly,""
0x990B415088Ad6dF8db9B7ed7a561b6C9b8AF5875,,,,,,,,,,1,1,,,1,,,,,,,,,1,1,,110,1711015179,bafkreihvbz3oz4bvuinf47vy7cq6c2yzedtfxr54t6alyru6o4dspegzdi,""
0xD08afA644e562E1B3D6e2385FdeB67912410f04F,,,,,,,,1,,1,1,,,1,,,,,,,,,1,1,,110,1711015184,bafkreiaynhw3w5yzhno7zdthdnb3g4w7h42pazynuesj6o3sorm4a47bp4,""
0x01935087b1da357A00CbDd1010B2b9647991fcF1,,,,,,,,1,,1,1,,,1,,,,,,,,,1,1,,110,1711015188,bafkreicn2l66bahphcypzuortqh2p7kcuw4azlzhzzpbvkjkftkswhqide,""
0x7c8aFBbd7239fEd03AaACfAf1E4E30503E90c2d0,,,,,,,,1,,1,1,,,1,,,,,,,,,1,1,,110,1711015190,bafkreidajnyoileovoyjln2ckxxdx7bxd2327lyyguxlwwl4nws7bvzsre,""
0x98940Dd82B5E66D8ec340110d6e15BE8a4086b64,,,,,,,,1,,1,1,,,1,,,,,,,,,1,1,,110,1711015193,bafkreifkxdfd72f7zjsnr574yyjxsix3lcukrymrbvqvxogbrx6s2ihm6e,""
0x26fa48591030E6E93f69877986A777fEB0626EE8,,,,,,,,1,,1,1,,,1,,,,,,,,,1,1,,111,1711015204,bafkreiafeg56hxsyifelbdxbuohotkocl4t3nfunyx4rx2i7jjp4epvjiy,""
0x8100b643fa91d7A05704913A1242b2e2c2B7fB7c,,,,,,,,1,,1,1,,,1,,,,,,,,,1,1,,110,1711015247,bafkreia2eirip6exkk4yrldow2we6zfafw6ygtahcmokl7o22aauknlkfm,""
0xa77294828d42B538890fa6E97AdFfE9305536171,,,,1,1,,,,1,,1,,,1,,,,,,1,,,,1,,251.42,1711019259,bafkreibckqi74j4jwvspadgnhm2aqumqdpgfzsvvwyxwi5nmdqa5cvvitm,""
0xc2aEdB7D84B168683185CC401dD2d0d9B14d1aAE,3,1,1,1,1,1,1,1,4,1,6,1,1,1,1,1,1,1,1,1,1,1,1,1,1,1081.2295,1711022579,bafkreid63hpw4i7z535oog5bev3ispg7kipfdg5w5ss6ltkkhti56ziupe,""
0x1bBeAc736875c5043486A8a4374E6B5616eC8883,,,,,,,,1,,1,1,,,1,,,,,,,,,1,1,,1000,1711035454,bafkreiclr6mvvldysfy4vee34ayv7jj7qnmbgnpgdp2f7ekj6prrj6xhgu,""
0x744c6Eed427aF293b0106B46700fdDD3C9f62Eef,,,,,,,,1,,1,1,,,1,,,,,,,,,1,1,,1000,1711038183,bafkreid2rvhzibniaavpiwd6bexp7bqt7yhtdzudv5j36xw5vxeczjig4y,""
0x95add3DfEF3AE0A832607Dc71C4A9C6A6C2D7Eb7,,,,,,,,1,,1,1,,,1,,,,,,,,,1,1,,1000,1711038233,bafkreiecuga26ijgdv6yb4l6cyykuqidplsijntdkwacbmumxm5ql52c6e,""
0x743Ec55fc166D24D2FD0211fb6Ce53926D0Ff3b1,,,,,,,,1,,1,1,,,1,,,,,,,,,1,1,,1000,1711038337,bafkreibxwyd2l2j7uo46c4qbc5h54otev6kz7n6rzjtfn6km2qlgd5sv3m,""
0xDd03d2434C02c6BfFb097b7130528F9568b6C70d,,,,,,,,1,,1,1,,,1,,,,,,,,,1,1,,1000,1711038364,bafkreifupr35xd4fsapjpanbvbhnofpvuy3leuww57iouk7cql324hdtqa,""
0x97C12EFA574923E3ee445370d2dE432332857110,,,,,,,,1,,1,1,,,1,,,,,,,,,1,1,,1000,1711038458,bafkreidaiawvqrvzdygscyi5n3cypknjwz64rll6eisvcct33xu7og5s64,""
0xB69951a0642b55CD5731535ed5B290Fa49D3454A,,,,,,,,1,,1,1,,,1,,,,,,,,,1,1,,1000,1711038479,bafkreicihe2oor4x2zkhjmr5ux2wtc2t3bt24vmombcqgkx3lngi5sqadu,""
0xBA56878729540404dE2aa14561b451aE2350744a,,,,,,,,1,,1,1,,,1,,,,,,,,,1,1,,1000,1711038560,bafkreiaytbof3gcbzigtufdxglwa3gzcocm7xfutgrkyrtwwjliqdyfz3q,""
0xB48ef8e4e7Bef79ddF64d4424151f003a59BfbfB,,,,,,,,,,1,1,,,,,,,,,,,,1,,,522.8636,1711038563,bafkreicw7xgztdxywrehdyp2uxedknkw4dx4pl5szcm326ksbvmfdbaxta,""
0xa85cdd5478B7E525a808eF9707c3e33432cE1e7F,,,,,,,,1,,1,1,,,1,,,,,,,,,1,1,,950,1711038582,bafkreiemju3n6i7k6efgzixjdhdfnxuqarrdva7avwnrpo7tyayincdaoy,""
0xDEF3D19ff35a42F5b8E3c706c8fD287De72e6D15,,,,,,,,,,,1,,,,,,,,,,,,1,,,421.1792998188427,1711038639,bafkreigqjyku3vlm5h55kog724xoesatt2l5a3erdiigwses2hu23xkkbq,""
0x839395e20bbB182fa440d08F850E6c7A8f6F0780,,,3,,,1,1,1,1,1,,,,3,,3,,1,1,3,,,3,,3,92373.94857469834,1711042577,bafkreidcbwmejdy2chn4mka67ptkztvsm52lyspwxezbltkbegvhzmr5pe,""
0xaA3600788b72863ff51C8f0dB5F10bB65fbFeAB4,,2,,,1,2,,,,,,,,,,,,,2,2,13,,,,,5000,1711045840,bafkreifmkvprrq672z25yp557grtrvbsvcd5leostgapbcjke57inyntwe,""
0xcCE9A28b570946123f392Cf1DbfA6D2D5e636a1f,,,1,,,1,,,1,1,1,,,1,,,,1,,1,,,1,,1,1000,1711046199,bafkreideqohgs64ljeuqlzbbyejd3ntm2isotfry2p2ehwlwskwgwvf2lm,""
0xAa01DeC5307CF17F20881A3286dcaA062578cea7,,,,,,,,,,,,,,,,,,,,,,1,,,,6001.2459331346445,1711056710,bafkreifjwrwdzwygaziioflrliixijutjb6ouicxkokdhst3c5etg6fe64,""
0x9600e2eE6377DAdad7299B120026661c336A5e6d,,,,,,,,,,,,,,,,,,,,,1,,,,,6277.402585938472,1711057073,bafkreicyrp5etkivmrftbmsl2k44y4xegwqhnnschc4lias3zux4eqopgq,""
0x2B888954421b424C5D3D9Ce9bB67c9bD47537d12,,,5,,,,,,,5,5,,,,,,45,,,,,40,,,,1000,1711057639,bafkreibcnffwfrkoq3zgbawttih6tyx6o4dng666a4sv3j5be3gdprnv5m,""
0x90C32e6B29794Fd7f5BbA2BBEE74e924078B3f9b,,1,,,,,1,,,,,,,,,,,,,,,1,1,,,1000,1711060673,bafkreiezskl4iurcrl3iibhpwuz34dwbbrjecgq64whxoh74mbguedv5ji,""
0x8d0CD1AB81EaDa4F92C7cb5c8DBc25C69cc296AD,,1,,,,,,,,,,,,,,,,,,,,1,,,,50000,1711060886,bafkreia42yzjexb2jvzgyzx3sdpzdgm43dpyc2pepydhlzxf43rdroalvm,""
0x8dA48e5846c06B558970ACd42EDc7Da8799481E4,,,10,,10,,,10,10,,,,,10,,,10,,,,,,,,10,1000,1711069833,bafkreifmwxtqs5tdza5tvlpjepnvlt34w6pdqgksyaf25yonf7eglk3eai,""
0x2AC6A3561a43f06d62602eF9728C2B9eEc393326,,,10,,10,10,,10,10,,,,,10,,,10,,,,,,,10,10,1000,1711071412,bafkreihuvrhkmgti7irfmeb6jqa3d47hwgdkcutvt7ypz3634c32ymvbj4,""
0x8FDA1Daa6a674C1726d1896E3054B9a82d123F12,,,1,,,,,,,,,,,,,,1,,,,,,,,1,1000,1711071528,bafkreigtalll6o3ssyj2qq3easpih2zxgtsj7pz6et6laqzz4hg5zonwty,""
0x38f80f8f76B1C44B2beeFB63bb561F570fb6ddB6,1,,1,,,,,,,,,,,,,,,1,,2,,,,,,1000,1711071928,bafkreig57fxczweuodap5hyw3miefefqetl52wdmhzblwapglkbzotzlyy,""
0x9120FfD5d04ca4B26AaBCe611989A8F026dc099a,,,,,,,,,,,,,,,,,,,,,,,,,1,1000,1711072043,bafkreiaszbslrdp6ktdiecxalao7cszuchw5an4ffj5zhlabsax52bvqai,""
0x6733c60E6E02f9C8FA221Db1aeA018d80D949861,,,,,,,,,1,,,,,1,,,,,,1,,,1,,,1000,1711074814,bafkreiekpbefgtjkfdvbvfib6adjhijnssfdtc5i76cjgy24bsnrd3yaju,""
0x86e6b55bB954e1cfAb567f9582E0fa580bb0290d,,,,,,,,,1,,1,,,,,,,,,,,,,,1,1000,1711084080,bafkreiavt2ipyhl2cgj4v57rse2ljbpj7odmd76z62dtqlibi55lxhq3r4,""
0x27259b0F4209e76f8C6Cf27106C9FF83BdC2E831,,,,,,,,,1,,1,,,,,,,,,,,,,,,1000,1711084631,bafkreigl36t2esgny2lszxp5fm6woshxyveatux7keszpxgqdt2t3rsdgu,""
0x0194325BF525Be0D4fBB0856894cEd74Da3B8356,,,,,,,,,,,,,,,1,,,,,,,,,,,2644.0800199915784,1711084841,bafkreiat373mwmhauu7swbd7c5acqnh7p7md5523twmr4o7ue6xd4lrtmq,""
0xA270f5649A42feDfE66ddb3b0b50bebAe1e3DDB0,,,,,,,,,,,,,,,,,1,,,,,,,,,1000,1711089479,bafkreigd5leb6hijvszea77a3zuhmo67jr7bbxsb6gxzwhbhi7rk5ngk5m,""
0x7e651F5f597436cD0fa941F5FF2cD45Ef3F2Fda8,,,,,,,,,,1,,,,,,,,,,,,,1,,,109,1711091202,bafkreif4glvlt4sau3jivn2diy7nqon47nrgs6jgm5qhwng5ytjqs6d3oe,""
0x7fBdE8B27D2B4F164B66F2a9dc02bbD6697e5b19,,,,,,,,,,1,,,,,,,,,,,,,1,,,107.01015528717019,1711091471,bafkreigpvrrgsfqfz34i5bpl5zim5hdsfoxozxhdqczi6y4b6357cfemby,""
0x9cD7D1981B3e15a2DEE4d512ac60E0579Ae18546,,,,,,,,,1,,,,,,,,,,,,,,1,,,101.1,1711091959,bafkreierpe4upg7hkct7tcgeoaerzyuojd2mwezbt363m2imw4alxjweku,""
0x8289432ACD5EB0214B1C2526A5EDB480Aa06A9ab,,,,,,,,1,,,,,,1,,,1,,,,,,,,,1000,1711092075,bafkreifdn7rrumeyvtkcgvkgkasp6id2yuxrm5vejwt7vroemq456aqdyy,""
0x65ad2BF7E09af2597C140dF6386a3003d0F5f8Ee,,,,,,,,,,,,,,,,,,,,1,1,,,,,1000,1711095996,bafkreigo5rhrznicqgo44uh3njutdfl64dptunj42seaz3scfzgwsbs5aq,""
0x51b9C1Df35B044b5c0099D1fD07EAb7cE38f325d,,,,,,,,,,,,,,,,,3,,,,,1,1,1,1,100580.528648144,1711096118,bafkreidqroati5px2cguwp55spn7dzixwy2fxtdvsgmrwajuj2d3o5chpu,""
0xA29b0D2F3b4555359A1bF684d700753b1b06cBc4,,,1,,,,,,,,1,,,,,,1,,,,,1,,1,,466.42114739456366,1711096264,bafkreifnauzeodbu6e3sixfkd4zxsvxxfhnu6cizwikgddhuh5utkntld4,""
0xEd36bf0b2b17768E782Db2ece6A327055b2f3e9C,,,,,,,,1,,1,,,,,,1,,,,1,,,1,,,200,1711097167,bafkreidbm53c4umbtoxxm7ai6m34xemv46ff7g2tnjyhbvbyfd3bc44tqm,""
0xC28D2fDFE6d5a482d32f855457Bb5F8cAcdB32b1,,,,,,,,1,,1,,,,,,1,,,,1,,,1,,,100,1711097208,bafkreihp6txnpwunxy2yd73wtzf6aksxpffcpaoipzf252ntruyx45i4uu,""
0xa305B293e44A82f3Cd489b5fB26084647bb5D8ae,,,,,,,,1,,1,1,,,,,1,1,,1,,,,1,,1,100,1711097250,bafkreigllvm5sgr7k4zqswvjdzcgu7eejaswip5llv6d2mvbdapmxzt4em,""
0x58d7d9c971A613117E493062bEC1A6A5484f2780,,,,,,,,1,1,1,,,,,,,1,,,1,,,,,,100,1711097301,bafkreidehwvhj2athpcfepfzhqxrq6ls5vdgpkl2bmouwm2plnogsodi3a,""
0x65F632cfe8015B7ae6976e549645ed04cde60fe4,,,,,,,,,1,1,1,,,,,1,,,,1,,,,,,487,1711097335,bafkreighpzkpy3tepwitokqvbuw37c7kyet43ngjbkqsbxyh52xh4thriq,""
0xb35E0a0D00c640ab75fAD3cf3B83264bC64D23eC,,,,,,,,1,1,1,,,,,1,,,,,,,,1,,,487,1711097368,bafkreifm6l5nmfvn5hhpsuwvj6bd4gfbbdo4ghaaovniz5qyq324rawbnm,""
0x40Db8365d1252bcb06598927698238a99D39228E,,,,,,,,10,10,10,15,,,10,,10,10,,,10,,10,,5,,1000,1711099602,bafkreic64c7libj37yn63clj4xltjs44qg6ixbc5wlpz6wphyeg5pgmlbi,""
0x1021e61f2cDd8bB295b0e64A20eBB7D8ec3734bf,,,,,,,,,1,,,,,,,,,,,,,,,,,124.88823621061813,1711120744,bafkreic5arxsxhtcwf4yr322hfb5vjsxbdyoskl3f4v4kdyit7g7ihu2my,""
0x3c114973c0260290C2dbD40323327d996972FCeB,,1,,,,,,,,1,,,,,1,,,,,,,,,,,5000,1711126585,bafkreiff5rbqjbu26ob2cscyoik4vl2qbj6pcyugtaszjouafwuftndqxe,""
0x5f0bD06A71E038206ef3e5090eB448E9a9773772,3,2,,,,,,,,,,,,,3,,2,,,,,,,1,2,363873.1695222636,1711132956,bafkreihn2ztsa2sb3l73ujunga5od5qzztawtmafqaff6tfeweuq6qu7ze,""
0x0ea26051F7657d59418da186137141CeA90D0652,,,,,,,,,,,,,,,,500,,,,4500,,,,,,5000,1711134754,bafkreidie56422yyaknpbv37mgcszw4wzkswt4as4inkr2a262p63i24bm,""
0xe3F4F3aD70C1190EC480554bbc3Ed30285aE0610,,,,,,,,,,,,,,,,,,,,1000,,,,,,1000,1711139910,bafkreih7nfom3qist6xozxbc6srkurzvdte4ohxzv2xqkdt7o2hykahjp4,""
0x981E7512e87D2F7228D3F03b65950EB6A1b21baC,,,,,,,,,,,,,,2,,7,,,,3,,,,,1,151618.31852759997,1711140173,bafkreifwge22eaqquoqsjb76rqpvinmp4y5ilr77qk3tu4rcpkf5lyjkji,""
0x84B5a60Df2d7e3397B3A4A3c6282f090304Aca26,,,,,,,,3,,,,,,4,,,,,,,,,4,,,149999.94858876822,1711144094,bafkreia7zfyuujlsyddvv7eyexoceq5owvoomlfkyveq7sblnzhrvi4ony,""
0x6F219Bd1167568aB67494A9067CbbB5679bf0022,,,2,,,,,,,,20,,,,,,48,,,,,30,,,,93907.09627638447,1711145059,bafkreibjhmv6zoylefl3dmp2hwsusfnlpzg6eqa2cles62jgdtajimwsfy,""